/*
Post-Deployment Script Template							
--------------------------------------------------------------------------------------
 This file contains SQL statements that will be appended to the build script.		
 Use SQLCMD syntax to include a file in the post-deployment script.			
 Example:      :r .\myfile.sql								
 Use SQLCMD syntax to reference a variable in the post-deployment script.		
 Example:      :setvar TableName MyTable							
               SELECT * FROM [$(TableName)]					
--------------------------------------------------------------------------------------
*/

INSERT INTO [dbo].[PmbokVersions] ([Id], [CreatedAt], [UpdatedAt], [Deleted], [PmbokVersionNumber], [PmbokVersionText], [PmbokVersionDescription]) VALUES (N'edd7dca4d2a94c7a8d6f55fbef403f8c', N'9/25/2018 7:21:24 PM +00:00', N'9/25/2018 7:21:24 PM +00:00', 0, 4, N'Fourth Edition', N'Fourth edition of the Project Management Body of Knowledge (PMBOK Guide)')
GO


INSERT INTO [dbo].[KnowledgeAreas] ([Id], [CreatedAt], [UpdatedAt], [Deleted], [KnowledgeAreaNumber], [KnowledgeAreaText], [KnowledgeAreaDescription], [PmbokVersionId]) VALUES (N'9ae8ea103c8148339131997358e92ca9', N'9/25/2018 8:20:57 PM +00:00', N'9/25/2018 8:20:57 PM +00:00', 0, 4, N'Project Integration Management', N'Project Integration Management includes the processes and activities needed to identify, define, combine, unify and coordinate the various processes and project management activities within the Project Management Process Groups.', N'edd7dca4d2a94c7a8d6f55fbef403f8c')
GO
INSERT INTO [dbo].[KnowledgeAreas] ([Id], [CreatedAt], [UpdatedAt], [Deleted], [KnowledgeAreaNumber], [KnowledgeAreaText], [KnowledgeAreaDescription], [PmbokVersionId]) VALUES (N'c03843f7d5c241fbbee703626450e2b5', N'9/25/2018 8:20:58 PM +00:00', N'9/25/2018 8:20:58 PM +00:00', 0, 5, N'Project Scope Management', N'Project Scope Management includes the processes required to ensure that the project includes all the work required and only the work required, to complete the project successfully.', N'edd7dca4d2a94c7a8d6f55fbef403f8c')
GO
INSERT INTO [dbo].[KnowledgeAreas] ([Id], [CreatedAt], [UpdatedAt], [Deleted], [KnowledgeAreaNumber], [KnowledgeAreaText], [KnowledgeAreaDescription], [PmbokVersionId]) VALUES (N'28abfe5102fa474e9c5fb8905d53c5cf', N'9/25/2018 8:20:58 PM +00:00', N'9/25/2018 8:20:58 PM +00:00', 0, 6, N'Project Time Management', N'Project Time Management includes the processes required to manage timely completion of the project.', N'edd7dca4d2a94c7a8d6f55fbef403f8c')
GO
INSERT INTO [dbo].[KnowledgeAreas] ([Id], [CreatedAt], [UpdatedAt], [Deleted], [KnowledgeAreaNumber], [KnowledgeAreaText], [KnowledgeAreaDescription], [PmbokVersionId]) VALUES (N'58a094a415d94e4e9930a1fd871ab198', N'9/25/2018 8:20:59 PM +00:00', N'9/25/2018 8:20:59 PM +00:00', 0, 7, N'Project Cost Management', N'Project Cost Management includes the processes involved in estimating, budgeting and controlling costs so that the project can be completed within the approved budget.', N'edd7dca4d2a94c7a8d6f55fbef403f8c')
GO
INSERT INTO [dbo].[KnowledgeAreas] ([Id], [CreatedAt], [UpdatedAt], [Deleted], [KnowledgeAreaNumber], [KnowledgeAreaText], [KnowledgeAreaDescription], [PmbokVersionId]) VALUES (N'e669ee7ec78f4f57acb525de3c48f250', N'9/25/2018 8:20:59 PM +00:00', N'9/25/2018 8:20:59 PM +00:00', 0, 8, N'Project Quality Management', N'Project Quality Management includes the processes and activities of the performing organization that determine quality policies, objectives and responsibilities so that the project will satisfy the needs for which it was undertaken.', N'edd7dca4d2a94c7a8d6f55fbef403f8c')
GO
INSERT INTO [dbo].[KnowledgeAreas] ([Id], [CreatedAt], [UpdatedAt], [Deleted], [KnowledgeAreaNumber], [KnowledgeAreaText], [KnowledgeAreaDescription], [PmbokVersionId]) VALUES (N'f12501ebfa6a4fc08e697e06513a92f4', N'9/25/2018 8:21:00 PM +00:00', N'9/25/2018 8:21:00 PM +00:00', 0, 9, N'Project Human Resource Management', N'Project Human Resource Management includes the processes that organize, manage and lead the project team.', N'edd7dca4d2a94c7a8d6f55fbef403f8c')
GO
INSERT INTO [dbo].[KnowledgeAreas] ([Id], [CreatedAt], [UpdatedAt], [Deleted], [KnowledgeAreaNumber], [KnowledgeAreaText], [KnowledgeAreaDescription], [PmbokVersionId]) VALUES (N'f27ea71961544e6b815dedcd0d766c20', N'9/25/2018 8:21:00 PM +00:00', N'9/25/2018 8:21:00 PM +00:00', 0, 10, N'Project Communication Management', N'Project Communication Management includes the processes required to ensure timely and appropriate generation, collection, distribution, storage, retrieval and ultimate disposition of project information.', N'edd7dca4d2a94c7a8d6f55fbef403f8c')
GO
INSERT INTO [dbo].[KnowledgeAreas] ([Id], [CreatedAt], [UpdatedAt], [Deleted], [KnowledgeAreaNumber], [KnowledgeAreaText], [KnowledgeAreaDescription], [PmbokVersionId]) VALUES (N'a1d7b3a645314bf7b16357f69c74d5d8', N'9/25/2018 8:21:00 PM +00:00', N'9/25/2018 8:21:00 PM +00:00', 0, 11, N'Project Risk Management', N'Project Risk Management includes the processes of conducting risk management planning, identification, analysis, response planning and monitoring and control of the project.', N'edd7dca4d2a94c7a8d6f55fbef403f8c')
GO
INSERT INTO [dbo].[KnowledgeAreas] ([Id], [CreatedAt], [UpdatedAt], [Deleted], [KnowledgeAreaNumber], [KnowledgeAreaText], [KnowledgeAreaDescription], [PmbokVersionId]) VALUES (N'bf2e3d53cf064ab6a3c3cfa7f164c236', N'9/25/2018 8:21:01 PM +00:00', N'9/25/2018 8:21:01 PM +00:00', 0, 12, N'Project Procurement Management', N'Project Procurement Management includes the processes necessary to purchase or acquire products, services or results from outside the project team. ', N'edd7dca4d2a94c7a8d6f55fbef403f8c')
GO


INSERT INTO [dbo].[ProcessGroups] ([Id], [CreatedAt], [UpdatedAt], [Deleted], [ProcessGroupNumber], [ProcessGroupText], [ProcessGroupDescription], [PmbokVersionId]) VALUES (N'ebcd5c0181374526afa936a5ec0f2536', N'9/25/2018 7:39:48 PM +00:00', N'9/25/2018 7:40:19 PM +00:00', 1, 4, N'Initiating', N'The initiating process group consists of those processes performed to define a new project or a new phase of an existing project by obtaining authorization to start the project or phase.', N'edd7dca4d2a94c7a8d6f55fbef403f8c')
GO
INSERT INTO [dbo].[ProcessGroups] ([Id], [CreatedAt], [UpdatedAt], [Deleted], [ProcessGroupNumber], [ProcessGroupText], [ProcessGroupDescription], [PmbokVersionId]) VALUES (N'f1443b6e7c424900a82cdd5b2575a697', N'9/25/2018 7:39:49 PM +00:00', N'9/25/2018 7:39:49 PM +00:00', 0, 2, N'Planning', N'The planning process group consists of those processes performed to establish the total scope of the effort, define and refine the objectives and develop the course of action required to attain those objectives.', N'edd7dca4d2a94c7a8d6f55fbef403f8c')
GO
INSERT INTO [dbo].[ProcessGroups] ([Id], [CreatedAt], [UpdatedAt], [Deleted], [ProcessGroupNumber], [ProcessGroupText], [ProcessGroupDescription], [PmbokVersionId]) VALUES (N'7a29717e3fab4e988eb974f1a93f61aa', N'9/25/2018 7:39:49 PM +00:00', N'9/25/2018 7:39:49 PM +00:00', 0, 3, N'Executing', N'The executing process group consists of those processes performed to complete the work defined in the project management plan to satisfy the project specifications.', N'edd7dca4d2a94c7a8d6f55fbef403f8c')
GO
INSERT INTO [dbo].[ProcessGroups] ([Id], [CreatedAt], [UpdatedAt], [Deleted], [ProcessGroupNumber], [ProcessGroupText], [ProcessGroupDescription], [PmbokVersionId]) VALUES (N'5828325fc78d4247a692c35bcbde3f78', N'9/25/2018 7:42:37 PM +00:00', N'9/25/2018 7:42:37 PM +00:00', 0, 1, N'Initiating', N'The initiating process group consists of those processes performed to define a new project or a new phase of an existing project by obtaining authorization to start the project or phase.', N'edd7dca4d2a94c7a8d6f55fbef403f8c')
GO
INSERT INTO [dbo].[ProcessGroups] ([Id], [CreatedAt], [UpdatedAt], [Deleted], [ProcessGroupNumber], [ProcessGroupText], [ProcessGroupDescription], [PmbokVersionId]) VALUES (N'600480f4c1364c7d9ad114b25560ec91', N'9/25/2018 7:47:42 PM +00:00', N'9/25/2018 7:47:42 PM +00:00', 0, 4, N'Monitoring and Controlling', N'The monitoring and controlling process group consists of those processes required to track, review, and regulate the process and performance of the project, identify any areas in which changes to the plan are required; and initiate corresponding changes.', N'edd7dca4d2a94c7a8d6f55fbef403f8c')
GO
INSERT INTO [dbo].[ProcessGroups] ([Id], [CreatedAt], [UpdatedAt], [Deleted], [ProcessGroupNumber], [ProcessGroupText], [ProcessGroupDescription], [PmbokVersionId]) VALUES (N'2547971e9ea54472bbbc364cc01fc01e', N'9/25/2018 7:47:43 PM +00:00', N'9/25/2018 7:47:43 PM +00:00', 0, 5, N'Closing', N'The closing process group consists of those processes performed to finalize all activities across all project management process groups to formally complete the project, phase, or contractual obligations.', N'edd7dca4d2a94c7a8d6f55fbef403f8c')
GO

INSERT INTO [dbo].[ProcessCatalogs] ([Id], [CreatedAt], [UpdatedAt], [Deleted], [ProcessNumber], [ProcessText], [ProcessDescription], [PmbokVersionId], [ProcessGroupId], [KnowledgeAreaId], [ProcessGroupText], [KnowledgeAreaText]) VALUES (N'a5fb15dcf7cb4a6aa1a7938f88ba96c1', N'9/26/2018 3:47:58 PM +00:00', N'9/26/2018 3:47:58 PM +00:00', 0, CAST(4.1 AS Decimal(3, 1)), N'Develop Project Charter', N'Develop Project Charter is the process of developing a document that formally authorizes a project or phase and documenting initial requirements that satisfy the stakeholders needs and expectations.', N'edd7dca4d2a94c7a8d6f55fbef403f8c', N'5828325fc78d4247a692c35bcbde3f78', N'9ae8ea103c8148339131997358e92ca9', N'Initiating', N'Project Integration Management')
GO
INSERT INTO [dbo].[ProcessCatalogs] ([Id], [CreatedAt], [UpdatedAt], [Deleted], [ProcessNumber], [ProcessText], [ProcessDescription], [PmbokVersionId], [ProcessGroupId], [KnowledgeAreaId], [ProcessGroupText], [KnowledgeAreaText]) VALUES (N'a34ade8e7c8642448319d7d2ab364829', N'9/26/2018 3:47:58 PM +00:00', N'10/1/2018 5:47:03 PM +00:00', 0, CAST(4.2 AS Decimal(3, 1)), N'Develop Project Management Plan', N'Develop Project Management Plan is the process of documenting the actions necessary to define, prepare, integrate and coordinate all subsidiary plans. The plan defines how the the project is executed, monitored and controlled and closed.', N'edd7dca4d2a94c7a8d6f55fbef403f8c', N'f1443b6e7c424900a82cdd5b2575a697', N'9ae8ea103c8148339131997358e92ca9', N'Planning', N'Project Integration Management')
GO
INSERT INTO [dbo].[ProcessCatalogs] ([Id], [CreatedAt], [UpdatedAt], [Deleted], [ProcessNumber], [ProcessText], [ProcessDescription], [PmbokVersionId], [ProcessGroupId], [KnowledgeAreaId], [ProcessGroupText], [KnowledgeAreaText]) VALUES (N'a26f97c2a68b4a778d8fa44e47fceecd', N'9/26/2018 3:47:59 PM +00:00', N'10/1/2018 5:47:27 PM +00:00', 0, CAST(4.3 AS Decimal(3, 1)), N'Direct and Manage Project Execution', N'Direct and Manage Project Execution is the process of performing the work defined in the Project Management Plan to achieve the project objectives.', N'edd7dca4d2a94c7a8d6f55fbef403f8c', N'7a29717e3fab4e988eb974f1a93f61aa', N'9ae8ea103c8148339131997358e92ca9', N'Executing', N'Project Integration Management')
GO
INSERT INTO [dbo].[ProcessCatalogs] ([Id], [CreatedAt], [UpdatedAt], [Deleted], [ProcessNumber], [ProcessText], [ProcessDescription], [PmbokVersionId], [ProcessGroupId], [KnowledgeAreaId], [ProcessGroupText], [KnowledgeAreaText]) VALUES (N'aa18e3fa8fc1400d9ed6badefbf5c324', N'9/26/2018 3:47:59 PM +00:00', N'10/1/2018 5:47:30 PM +00:00', 0, CAST(4.4 AS Decimal(3, 1)), N'Monitoring and Controlling Project Work', N'Monitoring and Controlling Project Work is the process of tracking, reviewing and regulating the progress to meet the performance objectives defined in the Project Management Plan.', N'edd7dca4d2a94c7a8d6f55fbef403f8c', N'600480f4c1364c7d9ad114b25560ec91', N'9ae8ea103c8148339131997358e92ca9', N'Monitoring and Controlling', N'Project Integration Management')
GO
INSERT INTO [dbo].[ProcessCatalogs] ([Id], [CreatedAt], [UpdatedAt], [Deleted], [ProcessNumber], [ProcessText], [ProcessDescription], [PmbokVersionId], [ProcessGroupId], [KnowledgeAreaId], [ProcessGroupText], [KnowledgeAreaText]) VALUES (N'555a7bbfa974452e95ff29b97359d1a3', N'9/26/2018 3:47:59 PM +00:00', N'10/1/2018 5:47:33 PM +00:00', 0, CAST(4.5 AS Decimal(3, 1)), N'Perform Integrated Change Control', N'Perform Integrated Change Control is the process of reviewing all change requests, approving changes and managing changes to the deliverables, Organizational Process Assets, Project Documents and the Project Management Plan.', N'edd7dca4d2a94c7a8d6f55fbef403f8c', N'600480f4c1364c7d9ad114b25560ec91', N'9ae8ea103c8148339131997358e92ca9', N'Monitoring and Controlling', N'Project Integration Management')
GO
INSERT INTO [dbo].[ProcessCatalogs] ([Id], [CreatedAt], [UpdatedAt], [Deleted], [ProcessNumber], [ProcessText], [ProcessDescription], [PmbokVersionId], [ProcessGroupId], [KnowledgeAreaId], [ProcessGroupText], [KnowledgeAreaText]) VALUES (N'94fe0012bf684714a2ca99a78a1a027a', N'9/26/2018 3:48:00 PM +00:00', N'10/1/2018 5:47:41 PM +00:00', 0, CAST(4.6 AS Decimal(3, 1)), N'Close Project or Phase', N'Close Project or Phase is the process of finalizing all activities across all of the Project Management Process Groups to formally complete the project or phase.', N'edd7dca4d2a94c7a8d6f55fbef403f8c', N'2547971e9ea54472bbbc364cc01fc01e', N'9ae8ea103c8148339131997358e92ca9', N'Closing', N'Project Integration Management')
GO
INSERT INTO [dbo].[ProcessCatalogs] ([Id], [CreatedAt], [UpdatedAt], [Deleted], [ProcessNumber], [ProcessText], [ProcessDescription], [PmbokVersionId], [ProcessGroupId], [KnowledgeAreaId], [ProcessGroupText], [KnowledgeAreaText]) VALUES (N'fa19e9ac35fd4136b2d032a3a44a91b0', N'10/1/2018 6:11:49 PM +00:00', N'10/1/2018 6:11:49 PM +00:00', 0, CAST(5.1 AS Decimal(3, 1)), N'Collect Requirement', N'The process of defining and documenting stakeholder''s needs to meet the project objectives.', N'edd7dca4d2a94c7a8d6f55fbef403f8c', N'f1443b6e7c424900a82cdd5b2575a697', N'c03843f7d5c241fbbee703626450e2b5', N'Planning', N'Project Scope Management')
GO
INSERT INTO [dbo].[ProcessCatalogs] ([Id], [CreatedAt], [UpdatedAt], [Deleted], [ProcessNumber], [ProcessText], [ProcessDescription], [PmbokVersionId], [ProcessGroupId], [KnowledgeAreaId], [ProcessGroupText], [KnowledgeAreaText]) VALUES (N'531de83328b54b81872e81e3da60c194', N'10/1/2018 6:11:50 PM +00:00', N'10/1/2018 6:11:50 PM +00:00', 0, CAST(5.2 AS Decimal(3, 1)), N'Define Scope', N'The process of developing a detailed description of the project and the product.', N'edd7dca4d2a94c7a8d6f55fbef403f8c', N'f1443b6e7c424900a82cdd5b2575a697', N'c03843f7d5c241fbbee703626450e2b5', N'Planning', N'Project Scope Management')
GO
INSERT INTO [dbo].[ProcessCatalogs] ([Id], [CreatedAt], [UpdatedAt], [Deleted], [ProcessNumber], [ProcessText], [ProcessDescription], [PmbokVersionId], [ProcessGroupId], [KnowledgeAreaId], [ProcessGroupText], [KnowledgeAreaText]) VALUES (N'59c0bef97e264aa6bafde623a8c7ab65', N'10/1/2018 6:56:46 PM +00:00', N'10/1/2018 6:56:46 PM +00:00', 0, CAST(5.3 AS Decimal(3, 1)), N'Create WBS', N'The process of subdividing project deliverables and project work into smaller more manageable components. ', N'edd7dca4d2a94c7a8d6f55fbef403f8c', N'f1443b6e7c424900a82cdd5b2575a697', N'c03843f7d5c241fbbee703626450e2b5', N'Planning', N'Project Scope Management')
GO
INSERT INTO [dbo].[ProcessCatalogs] ([Id], [CreatedAt], [UpdatedAt], [Deleted], [ProcessNumber], [ProcessText], [ProcessDescription], [PmbokVersionId], [ProcessGroupId], [KnowledgeAreaId], [ProcessGroupText], [KnowledgeAreaText]) VALUES (N'afc084884a394d54b48c7e108685a3ee', N'10/1/2018 6:56:47 PM +00:00', N'10/1/2018 6:56:47 PM +00:00', 0, CAST(5.4 AS Decimal(3, 1)), N'Verify Scope', N'The process of formalizing acceptance of the completed project deliverables.', N'edd7dca4d2a94c7a8d6f55fbef403f8c', N'600480f4c1364c7d9ad114b25560ec91', N'c03843f7d5c241fbbee703626450e2b5', N'Monitoring and Controlling', N'Project Scope Management')
GO
INSERT INTO [dbo].[ProcessCatalogs] ([Id], [CreatedAt], [UpdatedAt], [Deleted], [ProcessNumber], [ProcessText], [ProcessDescription], [PmbokVersionId], [ProcessGroupId], [KnowledgeAreaId], [ProcessGroupText], [KnowledgeAreaText]) VALUES (N'7f2f2c7260e64d298fc23ef6ded53fa8', N'10/1/2018 6:56:47 PM +00:00', N'10/1/2018 9:22:30 PM +00:00', 0, CAST(5.5 AS Decimal(3, 1)), N'Control Scope', N'The process of monitoring the status of the project and product scope and managing changes to the scope baseline. ', N'edd7dca4d2a94c7a8d6f55fbef403f8c', N'600480f4c1364c7d9ad114b25560ec91', N'c03843f7d5c241fbbee703626450e2b5', N'Monitoring and Controlling', N'Project Scope Management')
GO
INSERT INTO [dbo].[ProcessCatalogs] ([Id], [CreatedAt], [UpdatedAt], [Deleted], [ProcessNumber], [ProcessText], [ProcessDescription], [PmbokVersionId], [ProcessGroupId], [KnowledgeAreaId], [ProcessGroupText], [KnowledgeAreaText]) VALUES (N'49333cb0a733426bbcd606b8b07e6187', N'10/1/2018 9:27:05 PM +00:00', N'10/1/2018 9:27:05 PM +00:00', 0, CAST(6.1 AS Decimal(3, 1)), N'Define Activities', N'Define activities is the process of identifying the specific actions to be performed to produce the project deliverable.', N'edd7dca4d2a94c7a8d6f55fbef403f8c', N'f1443b6e7c424900a82cdd5b2575a697', N'28abfe5102fa474e9c5fb8905d53c5cf', N'Planning', N'Project Time Management')
GO
INSERT INTO [dbo].[ProcessCatalogs] ([Id], [CreatedAt], [UpdatedAt], [Deleted], [ProcessNumber], [ProcessText], [ProcessDescription], [PmbokVersionId], [ProcessGroupId], [KnowledgeAreaId], [ProcessGroupText], [KnowledgeAreaText]) VALUES (N'683c16f74ffe42c2a12c587739cfbc93', N'10/1/2018 9:27:06 PM +00:00', N'10/1/2018 9:27:06 PM +00:00', 0, CAST(6.2 AS Decimal(3, 1)), N'Sequence Activities', N'Sequence activities is the process of identifying and documenting relationships among the project activities.', N'edd7dca4d2a94c7a8d6f55fbef403f8c', N'f1443b6e7c424900a82cdd5b2575a697', N'28abfe5102fa474e9c5fb8905d53c5cf', N'Planning', N'Project Time Management')
GO
INSERT INTO [dbo].[ProcessCatalogs] ([Id], [CreatedAt], [UpdatedAt], [Deleted], [ProcessNumber], [ProcessText], [ProcessDescription], [PmbokVersionId], [ProcessGroupId], [KnowledgeAreaId], [ProcessGroupText], [KnowledgeAreaText]) VALUES (N'7cccc2be3868471cb219df7c80935cf5', N'10/3/2018 9:09:59 PM +00:00', N'10/3/2018 9:09:59 PM +00:00', 0, CAST(6.3 AS Decimal(3, 1)), N'Estimate Activity Resources', N'Estimate activity resources is the process of estimating the type and quantities of material, people, equipment or supplies required to perform each activity.', N'edd7dca4d2a94c7a8d6f55fbef403f8c', N'f1443b6e7c424900a82cdd5b2575a697', N'28abfe5102fa474e9c5fb8905d53c5cf', N'Planning', N'Project Time Management')
GO
INSERT INTO [dbo].[ProcessCatalogs] ([Id], [CreatedAt], [UpdatedAt], [Deleted], [ProcessNumber], [ProcessText], [ProcessDescription], [PmbokVersionId], [ProcessGroupId], [KnowledgeAreaId], [ProcessGroupText], [KnowledgeAreaText]) VALUES (N'3d2c154ad8774453b8012468bb563617', N'10/3/2018 9:09:59 PM +00:00', N'10/3/2018 9:09:59 PM +00:00', 0, CAST(6.4 AS Decimal(3, 1)), N'Estimate Activity Durations', N'Is the process of approximating the number of work periods needed to complete individual activities with estimated resources.', N'edd7dca4d2a94c7a8d6f55fbef403f8c', N'f1443b6e7c424900a82cdd5b2575a697', N'28abfe5102fa474e9c5fb8905d53c5cf', N'Planning', N'Project Time Management')
GO
INSERT INTO [dbo].[ProcessCatalogs] ([Id], [CreatedAt], [UpdatedAt], [Deleted], [ProcessNumber], [ProcessText], [ProcessDescription], [PmbokVersionId], [ProcessGroupId], [KnowledgeAreaId], [ProcessGroupText], [KnowledgeAreaText]) VALUES (N'5a83ec6ca8dd4b758c66fc15852822c7', N'10/3/2018 9:10:00 PM +00:00', N'10/3/2018 9:10:00 PM +00:00', 0, CAST(6.5 AS Decimal(3, 1)), N'Develop Schedule', N'Is the process of analyzing activity sequences, durations, resource requirements and schedule constraints to create the project schedule.', N'edd7dca4d2a94c7a8d6f55fbef403f8c', N'f1443b6e7c424900a82cdd5b2575a697', N'28abfe5102fa474e9c5fb8905d53c5cf', N'Planning', N'Project Time Management')
GO
INSERT INTO [dbo].[ProcessCatalogs] ([Id], [CreatedAt], [UpdatedAt], [Deleted], [ProcessNumber], [ProcessText], [ProcessDescription], [PmbokVersionId], [ProcessGroupId], [KnowledgeAreaId], [ProcessGroupText], [KnowledgeAreaText]) VALUES (N'26080433a9264e23828e929564f9a353', N'10/3/2018 9:10:00 PM +00:00', N'10/3/2018 9:10:00 PM +00:00', 0, CAST(6.6 AS Decimal(3, 1)), N'Control Schedule', N'Control Schedule is the process of monitoring the status of the project to update project progress and mange changes to the Schedule Baseline.', N'edd7dca4d2a94c7a8d6f55fbef403f8c', N'600480f4c1364c7d9ad114b25560ec91', N'28abfe5102fa474e9c5fb8905d53c5cf', N'Monitoring and Controlling', N'Project Time Management')
GO
INSERT INTO [dbo].[ProcessCatalogs] ([Id], [CreatedAt], [UpdatedAt], [Deleted], [ProcessNumber], [ProcessText], [ProcessDescription], [PmbokVersionId], [ProcessGroupId], [KnowledgeAreaId], [ProcessGroupText], [KnowledgeAreaText]) VALUES (N'cd43dc988aed4c8b82ff67ad5d70f22b', N'10/4/2018 3:43:47 PM +00:00', N'10/4/2018 3:43:47 PM +00:00', 0, CAST(7.1 AS Decimal(3, 1)), N'Estimating Costs', N'The process of developing an approximation of the monetary resources needed to complete project activities.', N'edd7dca4d2a94c7a8d6f55fbef403f8c', N'f1443b6e7c424900a82cdd5b2575a697', N'58a094a415d94e4e9930a1fd871ab198', N'Planning', N'Project Cost Management')
GO
INSERT INTO [dbo].[ProcessCatalogs] ([Id], [CreatedAt], [UpdatedAt], [Deleted], [ProcessNumber], [ProcessText], [ProcessDescription], [PmbokVersionId], [ProcessGroupId], [KnowledgeAreaId], [ProcessGroupText], [KnowledgeAreaText]) VALUES (N'a18fd55663d0439498e863cd679175e1', N'10/4/2018 3:43:48 PM +00:00', N'10/4/2018 3:43:48 PM +00:00', 0, CAST(7.2 AS Decimal(3, 1)), N'Determine Budget', N'The process of aggregating the estimated costs of individual activities or work packages to establish an authorized Cost Baseline.', N'edd7dca4d2a94c7a8d6f55fbef403f8c', N'f1443b6e7c424900a82cdd5b2575a697', N'58a094a415d94e4e9930a1fd871ab198', N'Planning', N'Project Cost Management')
GO
INSERT INTO [dbo].[ProcessCatalogs] ([Id], [CreatedAt], [UpdatedAt], [Deleted], [ProcessNumber], [ProcessText], [ProcessDescription], [PmbokVersionId], [ProcessGroupId], [KnowledgeAreaId], [ProcessGroupText], [KnowledgeAreaText]) VALUES (N'47d255ea63d74429aee7aa48f94b1989', N'10/4/2018 3:43:48 PM +00:00', N'10/4/2018 3:43:48 PM +00:00', 0, CAST(7.3 AS Decimal(3, 1)), N'Control Costs', N'The process of monitoring the status of the project to update the project budget and managing changes to the Cost Baselinez', N'edd7dca4d2a94c7a8d6f55fbef403f8c', N'600480f4c1364c7d9ad114b25560ec91', N'58a094a415d94e4e9930a1fd871ab198', N'Monitoring and Controlling', N'Project Cost Management')
GO
INSERT INTO [dbo].[ProcessCatalogs] ([Id], [CreatedAt], [UpdatedAt], [Deleted], [ProcessNumber], [ProcessText], [ProcessDescription], [PmbokVersionId], [ProcessGroupId], [KnowledgeAreaId], [ProcessGroupText], [KnowledgeAreaText]) VALUES (N'140606bdf6ce4505a6a9c1a1424a4f02', N'10/4/2018 4:04:16 PM +00:00', N'10/4/2018 4:04:16 PM +00:00', 0, CAST(8.1 AS Decimal(3, 1)), N'Plan Quality', N'The process of identifying quality requirements and/or standards for the project and product and documenting how the project will demonstrate compliance.', N'edd7dca4d2a94c7a8d6f55fbef403f8c', N'f1443b6e7c424900a82cdd5b2575a697', N'e669ee7ec78f4f57acb525de3c48f250', N'Planning', N'Project Quality Management')
GO
INSERT INTO [dbo].[ProcessCatalogs] ([Id], [CreatedAt], [UpdatedAt], [Deleted], [ProcessNumber], [ProcessText], [ProcessDescription], [PmbokVersionId], [ProcessGroupId], [KnowledgeAreaId], [ProcessGroupText], [KnowledgeAreaText]) VALUES (N'c2cf0350f42847b39da512e8f3714ea8', N'10/4/2018 4:04:16 PM +00:00', N'10/4/2018 4:04:16 PM +00:00', 0, CAST(8.2 AS Decimal(3, 1)), N'Perform Quality Assurance', N'The process of auditing the quality requirements and the results from quality control measurements to ensure appropriate quality standards and operational definitions are used.', N'edd7dca4d2a94c7a8d6f55fbef403f8c', N'7a29717e3fab4e988eb974f1a93f61aa', N'e669ee7ec78f4f57acb525de3c48f250', N'Executing', N'Project Quality Management')
GO
INSERT INTO [dbo].[ProcessCatalogs] ([Id], [CreatedAt], [UpdatedAt], [Deleted], [ProcessNumber], [ProcessText], [ProcessDescription], [PmbokVersionId], [ProcessGroupId], [KnowledgeAreaId], [ProcessGroupText], [KnowledgeAreaText]) VALUES (N'a16caa4a7beb44d0807b323c91baf20c', N'10/4/2018 4:04:16 PM +00:00', N'10/4/2018 4:04:16 PM +00:00', 0, CAST(8.3 AS Decimal(3, 1)), N'Perform Quality Control', N'The process of monitoring and recording results of executing the quality activities to assess performance and recommend necessary changes.', N'edd7dca4d2a94c7a8d6f55fbef403f8c', N'600480f4c1364c7d9ad114b25560ec91', N'e669ee7ec78f4f57acb525de3c48f250', N'Monitoring and Controlling', N'Project Quality Management')
GO
INSERT INTO [dbo].[ProcessCatalogs] ([Id], [CreatedAt], [UpdatedAt], [Deleted], [ProcessNumber], [ProcessText], [ProcessDescription], [PmbokVersionId], [ProcessGroupId], [KnowledgeAreaId], [ProcessGroupText], [KnowledgeAreaText]) VALUES (N'809418412cc748d1b11bc6b1ba2112bb', N'10/4/2018 4:04:17 PM +00:00', N'10/4/2018 4:04:17 PM +00:00', 0, CAST(9.1 AS Decimal(3, 1)), N'Develop Human Resource Plan', N'The process of identifying and documenting project roles, responsibilities and required skills, reporting relationships and creating a staffing management plan.', N'edd7dca4d2a94c7a8d6f55fbef403f8c', N'f1443b6e7c424900a82cdd5b2575a697', N'f12501ebfa6a4fc08e697e06513a92f4', N'Planning', N'Project Human Resource Management')
GO
INSERT INTO [dbo].[ProcessCatalogs] ([Id], [CreatedAt], [UpdatedAt], [Deleted], [ProcessNumber], [ProcessText], [ProcessDescription], [PmbokVersionId], [ProcessGroupId], [KnowledgeAreaId], [ProcessGroupText], [KnowledgeAreaText]) VALUES (N'c6e9dd7c8a804ca0b17fb0328603376c', N'10/4/2018 4:04:17 PM +00:00', N'10/4/2018 4:04:17 PM +00:00', 0, CAST(9.2 AS Decimal(3, 1)), N'Acquire Project Team', N'The process of confirming human resource availability and obtaining the team necessary to complete the project.', N'edd7dca4d2a94c7a8d6f55fbef403f8c', N'7a29717e3fab4e988eb974f1a93f61aa', N'f12501ebfa6a4fc08e697e06513a92f4', N'Executing', N'Project Human Resource Management')
GO
INSERT INTO [dbo].[ProcessCatalogs] ([Id], [CreatedAt], [UpdatedAt], [Deleted], [ProcessNumber], [ProcessText], [ProcessDescription], [PmbokVersionId], [ProcessGroupId], [KnowledgeAreaId], [ProcessGroupText], [KnowledgeAreaText]) VALUES (N'7417bbc9cf074d87817d7be9de8e8d43', N'10/4/2018 4:04:17 PM +00:00', N'10/4/2018 4:04:17 PM +00:00', 0, CAST(9.3 AS Decimal(3, 1)), N'Develop Project Team', N'The process of improving the competencies, team interaction and the overall team environment to enhance project performance.', N'edd7dca4d2a94c7a8d6f55fbef403f8c', N'7a29717e3fab4e988eb974f1a93f61aa', N'f12501ebfa6a4fc08e697e06513a92f4', N'Executing', N'Project Human Resource Management')
GO
INSERT INTO [dbo].[ProcessCatalogs] ([Id], [CreatedAt], [UpdatedAt], [Deleted], [ProcessNumber], [ProcessText], [ProcessDescription], [PmbokVersionId], [ProcessGroupId], [KnowledgeAreaId], [ProcessGroupText], [KnowledgeAreaText]) VALUES (N'e71b9e4cea60428b9bc98f4d49baceb0', N'10/4/2018 4:04:18 PM +00:00', N'10/4/2018 4:04:46 PM +00:00', 0, CAST(9.4 AS Decimal(3, 1)), N'Manage Project Team', N'The process of tracking team member performance, providing feedback, resolving issues and managing changes to optimize project performance.', N'edd7dca4d2a94c7a8d6f55fbef403f8c', N'7a29717e3fab4e988eb974f1a93f61aa', N'f12501ebfa6a4fc08e697e06513a92f4', N'Executing', N'Project Human Resource Management')
GO
INSERT INTO [dbo].[ProcessCatalogs] ([Id], [CreatedAt], [UpdatedAt], [Deleted], [ProcessNumber], [ProcessText], [ProcessDescription], [PmbokVersionId], [ProcessGroupId], [KnowledgeAreaId], [ProcessGroupText], [KnowledgeAreaText]) VALUES (N'24e957fa10c5435aa980bf0d4f04dd48', N'10/23/2018 4:45:28 PM +00:00', N'10/23/2018 4:45:40 PM +00:00', 1, CAST(9.5 AS Decimal(3, 1)), N'test', NULL, N'edd7dca4d2a94c7a8d6f55fbef403f8c', N'5828325fc78d4247a692c35bcbde3f78', N'bf2e3d53cf064ab6a3c3cfa7f164c236', N'Initiating', N'Project Procurement Management')
GO
INSERT INTO [dbo].[ProcessCatalogs] ([Id], [CreatedAt], [UpdatedAt], [Deleted], [ProcessNumber], [ProcessText], [ProcessDescription], [PmbokVersionId], [ProcessGroupId], [KnowledgeAreaId], [ProcessGroupText], [KnowledgeAreaText]) VALUES (N'f613c069c415453bb6da7456c02480c3', N'10/23/2018 4:58:28 PM +00:00', N'10/23/2018 4:58:28 PM +00:00', 0, CAST(10.1 AS Decimal(3, 1)), N'Identify Stakeholders', NULL, N'edd7dca4d2a94c7a8d6f55fbef403f8c', N'5828325fc78d4247a692c35bcbde3f78', N'f27ea71961544e6b815dedcd0d766c20', N'Initiating', N'Project Communication Management')
GO
INSERT INTO [dbo].[ProcessCatalogs] ([Id], [CreatedAt], [UpdatedAt], [Deleted], [ProcessNumber], [ProcessText], [ProcessDescription], [PmbokVersionId], [ProcessGroupId], [KnowledgeAreaId], [ProcessGroupText], [KnowledgeAreaText]) VALUES (N'a63f4505d4db40bbba2345ee2db277b3', N'10/23/2018 5:02:15 PM +00:00', N'10/23/2018 5:02:15 PM +00:00', 0, CAST(10.2 AS Decimal(3, 1)), N'Plan Communications', NULL, N'edd7dca4d2a94c7a8d6f55fbef403f8c', N'f1443b6e7c424900a82cdd5b2575a697', N'f27ea71961544e6b815dedcd0d766c20', N'Planning', N'Project Communication Management')
GO
INSERT INTO [dbo].[ProcessCatalogs] ([Id], [CreatedAt], [UpdatedAt], [Deleted], [ProcessNumber], [ProcessText], [ProcessDescription], [PmbokVersionId], [ProcessGroupId], [KnowledgeAreaId], [ProcessGroupText], [KnowledgeAreaText]) VALUES (N'3aa086738cd94c2c9ae8805d94e52141', N'10/23/2018 5:02:15 PM +00:00', N'10/23/2018 5:02:15 PM +00:00', 0, CAST(10.3 AS Decimal(3, 1)), N'Distribute Information', N'', N'edd7dca4d2a94c7a8d6f55fbef403f8c', N'7a29717e3fab4e988eb974f1a93f61aa', N'f27ea71961544e6b815dedcd0d766c20', N'Executing', N'Project Communication Management')
GO
INSERT INTO [dbo].[ProcessCatalogs] ([Id], [CreatedAt], [UpdatedAt], [Deleted], [ProcessNumber], [ProcessText], [ProcessDescription], [PmbokVersionId], [ProcessGroupId], [KnowledgeAreaId], [ProcessGroupText], [KnowledgeAreaText]) VALUES (N'bb05b1355d7b45b69e4b1aadc62acbbd', N'10/23/2018 5:02:16 PM +00:00', N'10/23/2018 5:02:16 PM +00:00', 0, CAST(10.4 AS Decimal(3, 1)), N'Manage Stakeholder Expectations', N'', N'edd7dca4d2a94c7a8d6f55fbef403f8c', N'7a29717e3fab4e988eb974f1a93f61aa', N'f27ea71961544e6b815dedcd0d766c20', N'Executing', N'Project Communication Management')
GO
INSERT INTO [dbo].[ProcessCatalogs] ([Id], [CreatedAt], [UpdatedAt], [Deleted], [ProcessNumber], [ProcessText], [ProcessDescription], [PmbokVersionId], [ProcessGroupId], [KnowledgeAreaId], [ProcessGroupText], [KnowledgeAreaText]) VALUES (N'8fc99589630c4c4f9ab0c2a42f124ead', N'10/23/2018 5:02:16 PM +00:00', N'10/23/2018 5:02:16 PM +00:00', 0, CAST(10.5 AS Decimal(3, 1)), N'Report Performance', N'', N'edd7dca4d2a94c7a8d6f55fbef403f8c', N'600480f4c1364c7d9ad114b25560ec91', N'f27ea71961544e6b815dedcd0d766c20', N'Monitoring and Controlling', N'Project Communication Management')
GO

INSERT INTO [dbo].[ITOes] ([Id], [CreatedAt], [UpdatedAt], [Deleted], [ITOId], [ITOText], [ITODescription], [PmbokVersionId]) VALUES (N'8f4d1f767c1d426c849eca41f90a390f', N'9/25/2018 8:41:23 PM +00:00', N'9/25/2018 8:41:23 PM +00:00', 0, 1, N'Project Statement of Work', N'The statement of work (SOW) is a narrative description of products or services to be delivered by the project.', N'edd7dca4d2a94c7a8d6f55fbef403f8c')
GO
INSERT INTO [dbo].[ITOes] ([Id], [CreatedAt], [UpdatedAt], [Deleted], [ITOId], [ITOText], [ITODescription], [PmbokVersionId]) VALUES (N'd54c20ffc9c1482b8336261bf299362c', N'9/25/2018 8:41:24 PM +00:00', N'9/25/2018 8:41:24 PM +00:00', 0, 2, N'Business Case', N'The business case or similar document provides the necessary information from a business standpoint to determine whether or not the project is worth the required investment.', N'edd7dca4d2a94c7a8d6f55fbef403f8c')
GO
INSERT INTO [dbo].[ITOes] ([Id], [CreatedAt], [UpdatedAt], [Deleted], [ITOId], [ITOText], [ITODescription], [PmbokVersionId]) VALUES (N'9082596afc424224946b40cfd99aea28', N'9/25/2018 8:41:24 PM +00:00', N'9/25/2018 8:41:24 PM +00:00', 0, 3, N'Contract', N'A contract is a mutually binding agreement that obligates the seller to provide a specified product,  service or result that obligates the buyer to pay for it. ', N'edd7dca4d2a94c7a8d6f55fbef403f8c')
GO
INSERT INTO [dbo].[ITOes] ([Id], [CreatedAt], [UpdatedAt], [Deleted], [ITOId], [ITOText], [ITODescription], [PmbokVersionId]) VALUES (N'00affa9273e343cfa7e58952bcf8d133', N'9/25/2018 8:41:24 PM +00:00', N'9/25/2018 8:41:24 PM +00:00', 0, 4, N'Enterprise Environmental Factors', N'Any or all external environmental factors and internal environmental factors that surround or influence the projects success.', N'edd7dca4d2a94c7a8d6f55fbef403f8c')
GO
INSERT INTO [dbo].[ITOes] ([Id], [CreatedAt], [UpdatedAt], [Deleted], [ITOId], [ITOText], [ITODescription], [PmbokVersionId]) VALUES (N'0e04c8ac960f481ebdb71a5e3582bd7e', N'9/25/2018 8:41:25 PM +00:00', N'9/25/2018 8:41:25 PM +00:00', 0, 5, N'Organizational Process Assets', N'Any or all processes related assets, from any or all of the organizations involved in the project that are or can be used to influence the projects success.', N'edd7dca4d2a94c7a8d6f55fbef403f8c')
GO
INSERT INTO [dbo].[ITOes] ([Id], [CreatedAt], [UpdatedAt], [Deleted], [ITOId], [ITOText], [ITODescription], [PmbokVersionId]) VALUES (N'8845fa212ac24427b31a18e2e2988c9b', N'9/25/2018 8:41:25 PM +00:00', N'9/25/2018 8:41:25 PM +00:00', 0, 6, N'Expert Judgement', N'Judgement provided based upon expertise in an application area, knowledge area, discipline, industry, as appropriate for the activity being performed.', N'edd7dca4d2a94c7a8d6f55fbef403f8c')
GO
INSERT INTO [dbo].[ITOes] ([Id], [CreatedAt], [UpdatedAt], [Deleted], [ITOId], [ITOText], [ITODescription], [PmbokVersionId]) VALUES (N'18315f9d54944e4894a4b6fb40704960', N'9/25/2018 8:41:26 PM +00:00', N'9/25/2018 8:41:26 PM +00:00', 0, 7, N'Project Charter', N'The Project Charter documents the business needs, current understanding of the customers needs and the new product, service or result that it is intended to satisfy.', N'edd7dca4d2a94c7a8d6f55fbef403f8c')
GO
INSERT INTO [dbo].[ITOes] ([Id], [CreatedAt], [UpdatedAt], [Deleted], [ITOId], [ITOText], [ITODescription], [PmbokVersionId]) VALUES (N'416fd16e74e1404ba47dc895e2154d85', N'9/25/2018 8:48:38 PM +00:00', N'9/25/2018 8:48:38 PM +00:00', 0, 8, N'Outputs From Planning Processes', N'Outputs from the many planning processes.', N'edd7dca4d2a94c7a8d6f55fbef403f8c')
GO
INSERT INTO [dbo].[ITOes] ([Id], [CreatedAt], [UpdatedAt], [Deleted], [ITOId], [ITOText], [ITODescription], [PmbokVersionId]) VALUES (N'b4f179fdf4974055a16508720cf22812', N'9/25/2018 9:40:27 PM +00:00', N'10/2/2018 5:29:38 PM +00:00', 0, 9, N'Project Management Plan', N'The project management plan incorporates and consolidates all of the subsidiary management plans and baselines from the planning processes. The Project Management plan may include but is not limited to: The life cycle slected for the project and processes that will be applied to each phase. Results of the tailoring by the project management teas as follows: Project management processes selected by the team. Level of implementation of each selected process. Descriptions of the tools and techniques to be used for accomplishing those processes. How the selected processes will be used to manage the specific project. How work will be executed to accomplish the project objectives. A Change Management Plan that documents how changes will be monitored and controlled. A Configuration Management Plan that documents how configuration management will be performed. How integrity of the performance measurement baselines will be maintained. Need and techniques for communication among stakeholders. Key management reviews for content, extent and timing to facilitate addressing open issues and pending decisions.', N'edd7dca4d2a94c7a8d6f55fbef403f8c')
GO
INSERT INTO [dbo].[ITOes] ([Id], [CreatedAt], [UpdatedAt], [Deleted], [ITOId], [ITOText], [ITODescription], [PmbokVersionId]) VALUES (N'6d3718fde2904a3bb5bfa2348296cfb9', N'9/25/2018 9:40:28 PM +00:00', N'9/25/2018 9:40:28 PM +00:00', 0, 10, N'Approved Change Requests', N'Approved Change Requests are the documented, authorized changes to expand or reduce the project scope.', N'edd7dca4d2a94c7a8d6f55fbef403f8c')
GO
INSERT INTO [dbo].[ITOes] ([Id], [CreatedAt], [UpdatedAt], [Deleted], [ITOId], [ITOText], [ITODescription], [PmbokVersionId]) VALUES (N'5f648635b2fe435aaa34a840f08f25ba', N'9/25/2018 9:40:28 PM +00:00', N'9/25/2018 9:40:28 PM +00:00', 0, 11, N'Project Management Information System', N'The project management information system, part of the Environment Enterprise Factors, provides access to an automated tool.', N'edd7dca4d2a94c7a8d6f55fbef403f8c')
GO
INSERT INTO [dbo].[ITOes] ([Id], [CreatedAt], [UpdatedAt], [Deleted], [ITOId], [ITOText], [ITODescription], [PmbokVersionId]) VALUES (N'7f9b3e3a906d4649b32bfecdf7087a82', N'9/25/2018 9:40:29 PM +00:00', N'9/25/2018 9:40:29 PM +00:00', 0, 12, N'Deliverables', N'An approved Deliverable is any unique and verifiable product, result or capability to perform a service that must be produced to complete a process, phase or project.', N'edd7dca4d2a94c7a8d6f55fbef403f8c')
GO
INSERT INTO [dbo].[ITOes] ([Id], [CreatedAt], [UpdatedAt], [Deleted], [ITOId], [ITOText], [ITODescription], [PmbokVersionId]) VALUES (N'e4db71f03ee940349786e7711de64e74', N'9/25/2018 9:40:29 PM +00:00', N'9/25/2018 9:40:29 PM +00:00', 0, 13, N'Work Performance Information', N'Information from project activities that is routinely collected as the project progresses.', N'edd7dca4d2a94c7a8d6f55fbef403f8c')
GO
INSERT INTO [dbo].[ITOes] ([Id], [CreatedAt], [UpdatedAt], [Deleted], [ITOId], [ITOText], [ITODescription], [PmbokVersionId]) VALUES (N'3385bac2e2e9424dbeaebed6408c66ff', N'9/25/2018 9:40:30 PM +00:00', N'9/25/2018 9:40:30 PM +00:00', 0, 14, N'Change Requests', N'Change Requests are issued which may modify the project policies or procedures, project scope, project cost or budget, project schedule or project quality.', N'edd7dca4d2a94c7a8d6f55fbef403f8c')
GO
INSERT INTO [dbo].[ITOes] ([Id], [CreatedAt], [UpdatedAt], [Deleted], [ITOId], [ITOText], [ITODescription], [PmbokVersionId]) VALUES (N'281ffd2356314e5ca493b5c5621caf5d', N'9/25/2018 9:40:30 PM +00:00', N'9/25/2018 9:40:30 PM +00:00', 0, 15, N'Project Management Plan Updates', N'Elements that may be added to the approved Project Management Plan.', N'edd7dca4d2a94c7a8d6f55fbef403f8c')
GO
INSERT INTO [dbo].[ITOes] ([Id], [CreatedAt], [UpdatedAt], [Deleted], [ITOId], [ITOText], [ITODescription], [PmbokVersionId]) VALUES (N'2c3050fe449f48fcbaf74d9499739c78', N'9/26/2018 3:12:42 PM +00:00', N'9/26/2018 3:12:42 PM +00:00', 0, 16, N'Project Document Updates', N'Documents associated with the project or phase.', N'edd7dca4d2a94c7a8d6f55fbef403f8c')
GO
INSERT INTO [dbo].[ITOes] ([Id], [CreatedAt], [UpdatedAt], [Deleted], [ITOId], [ITOText], [ITODescription], [PmbokVersionId]) VALUES (N'17c9d1c2f50e46e682c1f23bcef5487b', N'9/26/2018 3:12:42 PM +00:00', N'9/26/2018 3:12:42 PM +00:00', 0, 17, N'Performance Reports', N'Reports detailing activities, accomplishments, milestones, identified issues and problems. ', N'edd7dca4d2a94c7a8d6f55fbef403f8c')
GO
INSERT INTO [dbo].[ITOes] ([Id], [CreatedAt], [UpdatedAt], [Deleted], [ITOId], [ITOText], [ITODescription], [PmbokVersionId]) VALUES (N'fa8b9a750d0b4522937345a693b1cf76', N'9/26/2018 3:28:19 PM +00:00', N'9/26/2018 3:28:19 PM +00:00', 0, 18, N'Change Control Meetings', N'A change control board is responsible for meeting and reviewing the change requests and approving or rejecting those requests.', N'edd7dca4d2a94c7a8d6f55fbef403f8c')
GO
INSERT INTO [dbo].[ITOes] ([Id], [CreatedAt], [UpdatedAt], [Deleted], [ITOId], [ITOText], [ITODescription], [PmbokVersionId]) VALUES (N'12fd06e0544f4013acf8ca043e0652cc', N'9/26/2018 3:28:20 PM +00:00', N'9/26/2018 3:28:20 PM +00:00', 0, 19, N'Change Request Status Updates', N'All change requests that have been identified and the outcome of each.', N'edd7dca4d2a94c7a8d6f55fbef403f8c')
GO
INSERT INTO [dbo].[ITOes] ([Id], [CreatedAt], [UpdatedAt], [Deleted], [ITOId], [ITOText], [ITODescription], [PmbokVersionId]) VALUES (N'e310353136544492b8e2cec0a8add481', N'9/26/2018 3:28:20 PM +00:00', N'9/26/2018 3:28:20 PM +00:00', 0, 20, N'Accepted Deliverables', N'Those deliverables that have been accepted through the Verify Scope Process.', N'edd7dca4d2a94c7a8d6f55fbef403f8c')
GO
INSERT INTO [dbo].[ITOes] ([Id], [CreatedAt], [UpdatedAt], [Deleted], [ITOId], [ITOText], [ITODescription], [PmbokVersionId]) VALUES (N'3bce2bfa962340bfbe086cd023c0f47c', N'9/26/2018 3:28:21 PM +00:00', N'9/26/2018 3:28:21 PM +00:00', 0, 21, N'Final Product Service or Result Transition', N'Transition of the final product, service or result that the project was authorized to produce, the intermediate product, service or result.', N'edd7dca4d2a94c7a8d6f55fbef403f8c')
GO
INSERT INTO [dbo].[ITOes] ([Id], [CreatedAt], [UpdatedAt], [Deleted], [ITOId], [ITOText], [ITODescription], [PmbokVersionId]) VALUES (N'3cacf303ffe3434f8559e6ede9a5f66c', N'10/3/2018 9:32:14 PM +00:00', N'10/3/2018 9:32:14 PM +00:00', 0, 10, N'Scope Baseline', N'The project deliverables, constraints and assumptions documented in the Project Scope Baseline.', N'edd7dca4d2a94c7a8d6f55fbef403f8c')
GO
INSERT INTO [dbo].[ITOes] ([Id], [CreatedAt], [UpdatedAt], [Deleted], [ITOId], [ITOText], [ITODescription], [PmbokVersionId]) VALUES (N'c0fa05a4ea4a4dc287a7706912dc2703', N'10/3/2018 9:32:14 PM +00:00', N'10/3/2018 9:32:14 PM +00:00', 0, 11, N'Decomposition', N'The technique of Decomposition as applied to defining activities involves subdividing the project work packages into smaller more manageable components called activities. Activities represent the effort needed to complete a work package.', N'edd7dca4d2a94c7a8d6f55fbef403f8c')
GO
INSERT INTO [dbo].[ITOes] ([Id], [CreatedAt], [UpdatedAt], [Deleted], [ITOId], [ITOText], [ITODescription], [PmbokVersionId]) VALUES (N'f3e38833805c4b3dbcfc5cedce5f702a', N'10/3/2018 9:32:14 PM +00:00', N'10/3/2018 9:32:14 PM +00:00', 0, 12, N'Rolling Wave Planning', N'Rolling wave planning is a form of progressive elaboration planning where the work to be accomplished in the near term is planned in detail and future work is planned at a higher level of the Work Breakdown Structure (WBS).', N'edd7dca4d2a94c7a8d6f55fbef403f8c')
GO
INSERT INTO [dbo].[ITOes] ([Id], [CreatedAt], [UpdatedAt], [Deleted], [ITOId], [ITOText], [ITODescription], [PmbokVersionId]) VALUES (N'0108c2e2f93f453b89008f4af23f22ea', N'10/3/2018 9:32:15 PM +00:00', N'10/3/2018 9:32:15 PM +00:00', 0, 13, N'Templates', N'A standard activity list or a portion of an activity list from a pervious project.', N'edd7dca4d2a94c7a8d6f55fbef403f8c')
GO
INSERT INTO [dbo].[ITOes] ([Id], [CreatedAt], [UpdatedAt], [Deleted], [ITOId], [ITOText], [ITODescription], [PmbokVersionId]) VALUES (N'c3e3693fdccd4abf9cf6627d9a895dad', N'10/3/2018 9:32:15 PM +00:00', N'10/3/2018 9:32:15 PM +00:00', 0, 14, N'Activity List', N'The activity list is a comprehensive list including all schedule activities required on the project.', N'edd7dca4d2a94c7a8d6f55fbef403f8c')
GO
INSERT INTO [dbo].[ITOes] ([Id], [CreatedAt], [UpdatedAt], [Deleted], [ITOId], [ITOText], [ITODescription], [PmbokVersionId]) VALUES (N'022b02669c6549caaeeb8b6ce7d5470b', N'10/3/2018 9:32:16 PM +00:00', N'10/3/2018 9:32:16 PM +00:00', 0, 15, N'Activity Attributes', N'Activity attributes extend the description of the activity by identifying multiple components associated with each activity. Initial stages of the project include: Activity ID WBS ID Activity Name When completed they may include: Activity Codes Activity Description Predecessor Activities Successor Activities Logical Relationships Leads and Lags Resource Requirements Imposed Dates Constraints Assumptions', N'edd7dca4d2a94c7a8d6f55fbef403f8c')
GO
INSERT INTO [dbo].[ITOes] ([Id], [CreatedAt], [UpdatedAt], [Deleted], [ITOId], [ITOText], [ITODescription], [PmbokVersionId]) VALUES (N'13de75d16a6b4d14b2b70f84d2543d8d', N'10/3/2018 9:33:35 PM +00:00', N'10/3/2018 9:33:35 PM +00:00', 0, 16, N'Milestone List', N'A Milestone is a significant point or event in the project.', N'edd7dca4d2a94c7a8d6f55fbef403f8c')
GO
INSERT INTO [dbo].[ITOes] ([Id], [CreatedAt], [UpdatedAt], [Deleted], [ITOId], [ITOText], [ITODescription], [PmbokVersionId]) VALUES (N'5b4dca31bc124d7ead527e25bd13e8dd', N'10/11/2018 4:19:26 PM +00:00', N'10/11/2018 4:19:27 PM +00:00', 0, 14, N'Stakeholder Register', N'Is used to identify stakeholders that can provide information on detailed project and product requirements.', N'edd7dca4d2a94c7a8d6f55fbef403f8c')
GO
INSERT INTO [dbo].[ITOes] ([Id], [CreatedAt], [UpdatedAt], [Deleted], [ITOId], [ITOText], [ITODescription], [PmbokVersionId]) VALUES (N'b95a9cb78b21431294bfbaef106d1194', N'10/11/2018 4:35:29 PM +00:00', N'10/11/2018 4:35:29 PM +00:00', 0, 14, N'Interviews', N'A formal or informal approach to discover information from stakeholders.', N'edd7dca4d2a94c7a8d6f55fbef403f8c')
GO
INSERT INTO [dbo].[ITOes] ([Id], [CreatedAt], [UpdatedAt], [Deleted], [ITOId], [ITOText], [ITODescription], [PmbokVersionId]) VALUES (N'6b4df66df24e4ec396196290b1e14abb', N'10/11/2018 4:35:30 PM +00:00', N'10/11/2018 4:35:30 PM +00:00', 0, 15, N'Focus Groups', N'Focus groups bring together prequalified stakeholders and subject matter experts to learn about their expectations and attitudes about a proposed product or service or result.', N'edd7dca4d2a94c7a8d6f55fbef403f8c')
GO
INSERT INTO [dbo].[ITOes] ([Id], [CreatedAt], [UpdatedAt], [Deleted], [ITOId], [ITOText], [ITODescription], [PmbokVersionId]) VALUES (N'c3dff0cb88204944a53188094d2fd979', N'10/11/2018 4:35:30 PM +00:00', N'10/11/2018 4:35:30 PM +00:00', 0, 16, N'Facilitated Workshops', N'Are focused sessions that bring key cross-functional stakeholders together to define project requirements.', N'edd7dca4d2a94c7a8d6f55fbef403f8c')
GO
INSERT INTO [dbo].[ITOes] ([Id], [CreatedAt], [UpdatedAt], [Deleted], [ITOId], [ITOText], [ITODescription], [PmbokVersionId]) VALUES (N'431e813acd08421492f8600fd6bd0c52', N'10/11/2018 4:35:30 PM +00:00', N'10/11/2018 4:35:30 PM +00:00', 0, 17, N'Group Creativity Techniques', N'Used to identify project and product requirements.', N'edd7dca4d2a94c7a8d6f55fbef403f8c')
GO
INSERT INTO [dbo].[ITOes] ([Id], [CreatedAt], [UpdatedAt], [Deleted], [ITOId], [ITOText], [ITODescription], [PmbokVersionId]) VALUES (N'df1816737edc42e9b01798bb5c1c5b80', N'10/11/2018 4:35:31 PM +00:00', N'10/11/2018 4:35:31 PM +00:00', 0, 18, N'Group Decision Making Techniques', N'An assessment process of multiple alternatives with an expected outcome in the form of future actions resolution.', N'edd7dca4d2a94c7a8d6f55fbef403f8c')
GO
INSERT INTO [dbo].[ITOes] ([Id], [CreatedAt], [UpdatedAt], [Deleted], [ITOId], [ITOText], [ITODescription], [PmbokVersionId]) VALUES (N'a641eca5fec244c6babee15fd0c1dbaf', N'10/11/2018 4:35:31 PM +00:00', N'10/11/2018 4:35:31 PM +00:00', 0, 19, N'Questionnaire and Surveys', N'Are written sets of questions designed to quickly accumulate information from a wide range of respondents.', N'edd7dca4d2a94c7a8d6f55fbef403f8c')
GO
INSERT INTO [dbo].[ITOes] ([Id], [CreatedAt], [UpdatedAt], [Deleted], [ITOId], [ITOText], [ITODescription], [PmbokVersionId]) VALUES (N'9430e2ab77984f21a3f44acc80ae35e1', N'10/11/2018 4:35:31 PM +00:00', N'10/11/2018 4:35:31 PM +00:00', 0, 20, N'Observations', N'Provide a direct way of viewing individuals in their actual environment and how they perform their jobs and tasks and carry out processes.', N'edd7dca4d2a94c7a8d6f55fbef403f8c')
GO
INSERT INTO [dbo].[ITOes] ([Id], [CreatedAt], [UpdatedAt], [Deleted], [ITOId], [ITOText], [ITODescription], [PmbokVersionId]) VALUES (N'6189525aa6644043a30b231e7509c1e3', N'10/11/2018 4:35:32 PM +00:00', N'10/11/2018 4:35:32 PM +00:00', 0, 21, N'Prototype', N'Is a method of obtaining early feedback on requirements by providing a working model of the expected product before actually building it.', N'edd7dca4d2a94c7a8d6f55fbef403f8c')
GO
INSERT INTO [dbo].[ITOes] ([Id], [CreatedAt], [UpdatedAt], [Deleted], [ITOId], [ITOText], [ITODescription], [PmbokVersionId]) VALUES (N'343d504bd5334033a10993b3187de649', N'10/11/2018 4:35:32 PM +00:00', N'10/11/2018 4:35:32 PM +00:00', 0, 22, N'Requirements Documentation', N'Describes how individual requirements meet the business need for the project. Requirements must be unambiguous (measurable and testable), traceable, complete, consistent and acceptable to key stakeholders.', N'edd7dca4d2a94c7a8d6f55fbef403f8c')
GO
INSERT INTO [dbo].[ITOes] ([Id], [CreatedAt], [UpdatedAt], [Deleted], [ITOId], [ITOText], [ITODescription], [PmbokVersionId]) VALUES (N'6a9fb979c97948babffe61f07bc036fb', N'10/11/2018 4:35:33 PM +00:00', N'10/11/2018 4:35:33 PM +00:00', 0, 23, N'Requirements Management Plan', N'Documents how requirements will be analyzed, documented and managed throughout the project.', N'edd7dca4d2a94c7a8d6f55fbef403f8c')
GO
INSERT INTO [dbo].[ITOes] ([Id], [CreatedAt], [UpdatedAt], [Deleted], [ITOId], [ITOText], [ITODescription], [PmbokVersionId]) VALUES (N'8983c96fa58641b797310047a1a5e0c7', N'10/11/2018 4:35:33 PM +00:00', N'10/11/2018 4:35:33 PM +00:00', 0, 24, N'Requirements Traceability Matrix', N'Is a table that links requirements to their origin and traces them throughout the project life cycle.', N'edd7dca4d2a94c7a8d6f55fbef403f8c')
GO
INSERT INTO [dbo].[ITOes] ([Id], [CreatedAt], [UpdatedAt], [Deleted], [ITOId], [ITOText], [ITODescription], [PmbokVersionId]) VALUES (N'a82e6893ed044040b930d52524113dbf', N'10/11/2018 4:50:02 PM +00:00', N'10/11/2018 4:50:02 PM +00:00', 0, 14, N'Product Analysis', N'Applicable for projects that have a product as a deliverable. Each application area has one or more generally accepted methods for translating high-level product descriptions into tangible product deliverable.', N'edd7dca4d2a94c7a8d6f55fbef403f8c')
GO
INSERT INTO [dbo].[ITOes] ([Id], [CreatedAt], [UpdatedAt], [Deleted], [ITOId], [ITOText], [ITODescription], [PmbokVersionId]) VALUES (N'1c2754d5ef5043f79cd0e55c26dd017b', N'10/11/2018 4:50:03 PM +00:00', N'10/11/2018 4:50:03 PM +00:00', 0, 15, N'Alternatives Identification', N'A technique used to generate different approaches to execute and perform the work of the project.', N'edd7dca4d2a94c7a8d6f55fbef403f8c')
GO
INSERT INTO [dbo].[ITOes] ([Id], [CreatedAt], [UpdatedAt], [Deleted], [ITOId], [ITOText], [ITODescription], [PmbokVersionId]) VALUES (N'565f0668b8434a54a47ba5376de89e28', N'10/11/2018 4:50:03 PM +00:00', N'10/11/2018 4:50:03 PM +00:00', 0, 16, N'Project Scope Statement', N'Describes in detail; the Project''s Deliverables and the work required to create those deliverables.', N'edd7dca4d2a94c7a8d6f55fbef403f8c')
GO
INSERT INTO [dbo].[ITOes] ([Id], [CreatedAt], [UpdatedAt], [Deleted], [ITOId], [ITOText], [ITODescription], [PmbokVersionId]) VALUES (N'f2e2abc5ee5045639a9282f9a24205ff', N'10/11/2018 4:58:33 PM +00:00', N'10/11/2018 4:58:33 PM +00:00', 0, 14, N'Decomposition', N'Is the subdivision of the project deliverables into smaller, more manageable components until the work deliverables are defined to the work package level.', N'edd7dca4d2a94c7a8d6f55fbef403f8c')
GO
INSERT INTO [dbo].[ITOes] ([Id], [CreatedAt], [UpdatedAt], [Deleted], [ITOId], [ITOText], [ITODescription], [PmbokVersionId]) VALUES (N'593297d3c95942209bc1dc296a8b9a5b', N'10/11/2018 4:58:34 PM +00:00', N'10/11/2018 4:58:34 PM +00:00', 0, 15, N'Work Breakdown Structure (WBS)', N'Is a deliverable oriented hierarchial decomposition of the work required to be executed by the project team.', N'edd7dca4d2a94c7a8d6f55fbef403f8c')
GO
INSERT INTO [dbo].[ITOes] ([Id], [CreatedAt], [UpdatedAt], [Deleted], [ITOId], [ITOText], [ITODescription], [PmbokVersionId]) VALUES (N'b00bf68a1a30408eb334bfdeb66fdf46', N'10/11/2018 4:58:34 PM +00:00', N'10/11/2018 4:59:31 PM +00:00', 0, 16, N'Work Breakdown Structure (WBS) Dictionary', N'Is a document generated by the Create WBS process that supports the WBS. The document provides detailed descriptions of the components in the WBS including; Work Packages and Control Accounts.', N'edd7dca4d2a94c7a8d6f55fbef403f8c')
GO
INSERT INTO [dbo].[ITOes] ([Id], [CreatedAt], [UpdatedAt], [Deleted], [ITOId], [ITOText], [ITODescription], [PmbokVersionId]) VALUES (N'ab05b61366b545c2be95c53a1e5869e6', N'10/11/2018 5:03:20 PM +00:00', N'10/11/2018 5:03:20 PM +00:00', 0, 14, N'Scope Baseline', N'A component of the Project Management Plan. Includes: Project Scope Statement WBS WBS Dictionary', N'edd7dca4d2a94c7a8d6f55fbef403f8c')
GO
INSERT INTO [dbo].[ITOes] ([Id], [CreatedAt], [UpdatedAt], [Deleted], [ITOId], [ITOText], [ITODescription], [PmbokVersionId]) VALUES (N'd44c95dcbd5a4e84956c3069fbeb8689', N'10/11/2018 5:03:20 PM +00:00', N'10/11/2018 5:03:20 PM +00:00', 0, 15, N'Inspection', N'Includes activities such as measuring, examining and verifying to determine whether work deliverables meet requirements and product acceptance.', N'edd7dca4d2a94c7a8d6f55fbef403f8c')
GO
INSERT INTO [dbo].[ITOes] ([Id], [CreatedAt], [UpdatedAt], [Deleted], [ITOId], [ITOText], [ITODescription], [PmbokVersionId]) VALUES (N'69b4bbb7e35a4c0e91aef7d61964158e', N'10/11/2018 5:04:46 PM +00:00', N'10/11/2018 5:04:46 PM +00:00', 0, 14, N'Accepted Deliverables', N'Deliverables that meet the acceptance criteria are formally signed off and approved by the customer or sponsor.', N'edd7dca4d2a94c7a8d6f55fbef403f8c')
GO
INSERT INTO [dbo].[ITOes] ([Id], [CreatedAt], [UpdatedAt], [Deleted], [ITOId], [ITOText], [ITODescription], [PmbokVersionId]) VALUES (N'a7f563495b264b7a9bdc54df99ed5ced', N'10/11/2018 5:09:59 PM +00:00', N'10/11/2018 5:09:59 PM +00:00', 0, 14, N'Variance Analysis', N'Project performance measurements are used to assess the magnitude of variation from the original Project Scope Baseline, important aspects of Project Scope control including determining the cause and degree of variance relative to Scope Baselines and deciding whether corrective or preventative action is required.', N'edd7dca4d2a94c7a8d6f55fbef403f8c')
GO
INSERT INTO [dbo].[ITOes] ([Id], [CreatedAt], [UpdatedAt], [Deleted], [ITOId], [ITOText], [ITODescription], [PmbokVersionId]) VALUES (N'1294fc268b2d4b6f988dd694f32cc64c', N'10/11/2018 5:11:40 PM +00:00', N'10/11/2018 5:11:40 PM +00:00', 0, 14, N'Work Performance Measurements', N'Can include planned versus actual technical performance or other scope performance measurements.', N'edd7dca4d2a94c7a8d6f55fbef403f8c')
GO
INSERT INTO [dbo].[ITOes] ([Id], [CreatedAt], [UpdatedAt], [Deleted], [ITOId], [ITOText], [ITODescription], [PmbokVersionId]) VALUES (N'd6ef3dde983a411385cf5c2c3a840399', N'10/15/2018 4:38:34 PM +00:00', N'10/15/2018 4:38:34 PM +00:00', 0, 15, N'Validated Deliverables', N'Validated Deliverables have been completed and checked for correctness by the Perform Quality Control Process.', N'edd7dca4d2a94c7a8d6f55fbef403f8c')
GO
INSERT INTO [dbo].[ITOes] ([Id], [CreatedAt], [UpdatedAt], [Deleted], [ITOId], [ITOText], [ITODescription], [PmbokVersionId]) VALUES (N'b118d4a88f074d65ac7f906a07d9891d', N'10/15/2018 5:20:29 PM +00:00', N'10/15/2018 5:20:29 PM +00:00', 0, 16, N'Quality Metrics', NULL, N'edd7dca4d2a94c7a8d6f55fbef403f8c')
GO
INSERT INTO [dbo].[ITOes] ([Id], [CreatedAt], [UpdatedAt], [Deleted], [ITOId], [ITOText], [ITODescription], [PmbokVersionId]) VALUES (N'2a187ac4485a411389106a7b088bf6b8', N'10/23/2018 3:51:02 PM +00:00', N'10/23/2018 3:51:02 PM +00:00', 0, 17, N'Precedence Diagramming Method (PDM)', NULL, N'edd7dca4d2a94c7a8d6f55fbef403f8c')
GO
INSERT INTO [dbo].[ITOes] ([Id], [CreatedAt], [UpdatedAt], [Deleted], [ITOId], [ITOText], [ITODescription], [PmbokVersionId]) VALUES (N'0c0ecf2dc5b44f30b20526c5f34e826d', N'10/23/2018 3:51:02 PM +00:00', N'10/23/2018 3:51:02 PM +00:00', 0, 18, N'Dependency Determination', N'', N'edd7dca4d2a94c7a8d6f55fbef403f8c')
GO
INSERT INTO [dbo].[ITOes] ([Id], [CreatedAt], [UpdatedAt], [Deleted], [ITOId], [ITOText], [ITODescription], [PmbokVersionId]) VALUES (N'692e309b0a604b28bd42c3328edd6d5c', N'10/23/2018 3:51:03 PM +00:00', N'10/23/2018 3:51:03 PM +00:00', 0, 19, N'Applying Leads and Lags', N'', N'edd7dca4d2a94c7a8d6f55fbef403f8c')
GO
INSERT INTO [dbo].[ITOes] ([Id], [CreatedAt], [UpdatedAt], [Deleted], [ITOId], [ITOText], [ITODescription], [PmbokVersionId]) VALUES (N'2e9729ba343e4335815ab2d5d4da5c74', N'10/23/2018 3:51:03 PM +00:00', N'10/23/2018 3:51:03 PM +00:00', 0, 20, N'Schedule Network Templates', N'', N'edd7dca4d2a94c7a8d6f55fbef403f8c')
GO
INSERT INTO [dbo].[ITOes] ([Id], [CreatedAt], [UpdatedAt], [Deleted], [ITOId], [ITOText], [ITODescription], [PmbokVersionId]) VALUES (N'046ba7d9071345e59dbab3df7ab27165', N'10/23/2018 3:51:03 PM +00:00', N'10/23/2018 3:51:03 PM +00:00', 0, 21, N'Project Schedule Network Diagrams', N'', N'edd7dca4d2a94c7a8d6f55fbef403f8c')
GO
INSERT INTO [dbo].[ITOes] ([Id], [CreatedAt], [UpdatedAt], [Deleted], [ITOId], [ITOText], [ITODescription], [PmbokVersionId]) VALUES (N'15afd70918dc4d7d90618c16c224378e', N'10/23/2018 3:51:48 PM +00:00', N'10/23/2018 3:51:48 PM +00:00', 0, 15, N'Resource Calendars', NULL, N'edd7dca4d2a94c7a8d6f55fbef403f8c')
GO
INSERT INTO [dbo].[ITOes] ([Id], [CreatedAt], [UpdatedAt], [Deleted], [ITOId], [ITOText], [ITODescription], [PmbokVersionId]) VALUES (N'4fef5d1c8c804f7e8a0f8d4ce1aaf492', N'10/23/2018 3:53:27 PM +00:00', N'10/23/2018 3:53:27 PM +00:00', 0, 15, N'Alternatives Analysis', NULL, N'edd7dca4d2a94c7a8d6f55fbef403f8c')
GO
INSERT INTO [dbo].[ITOes] ([Id], [CreatedAt], [UpdatedAt], [Deleted], [ITOId], [ITOText], [ITODescription], [PmbokVersionId]) VALUES (N'a2bc11f62aa942d5a6c06b270a1a516e', N'10/23/2018 3:53:27 PM +00:00', N'10/23/2018 3:53:27 PM +00:00', 0, 16, N'Published Estimating Data', N'', N'edd7dca4d2a94c7a8d6f55fbef403f8c')
GO
INSERT INTO [dbo].[ITOes] ([Id], [CreatedAt], [UpdatedAt], [Deleted], [ITOId], [ITOText], [ITODescription], [PmbokVersionId]) VALUES (N'1af6cd04c6554fdd8846cf06308d6b6e', N'10/23/2018 3:53:28 PM +00:00', N'10/23/2018 3:53:28 PM +00:00', 0, 17, N'Bottom-Up Estimating', N'', N'edd7dca4d2a94c7a8d6f55fbef403f8c')
GO
INSERT INTO [dbo].[ITOes] ([Id], [CreatedAt], [UpdatedAt], [Deleted], [ITOId], [ITOText], [ITODescription], [PmbokVersionId]) VALUES (N'9b49043d778f467b897207c096e7f957', N'10/23/2018 3:54:09 PM +00:00', N'10/23/2018 3:54:09 PM +00:00', 0, 15, N'Project Management Software', NULL, N'edd7dca4d2a94c7a8d6f55fbef403f8c')
GO
INSERT INTO [dbo].[ITOes] ([Id], [CreatedAt], [UpdatedAt], [Deleted], [ITOId], [ITOText], [ITODescription], [PmbokVersionId]) VALUES (N'ebb5d5dab6d84af9a9c55c8ec5f15e07', N'10/23/2018 3:57:43 PM +00:00', N'10/23/2018 3:57:43 PM +00:00', 0, 15, N'Activity Resource Requirements', NULL, N'edd7dca4d2a94c7a8d6f55fbef403f8c')
GO
INSERT INTO [dbo].[ITOes] ([Id], [CreatedAt], [UpdatedAt], [Deleted], [ITOId], [ITOText], [ITODescription], [PmbokVersionId]) VALUES (N'bcadb5b807da45318dbfe736034597c9', N'10/23/2018 3:57:43 PM +00:00', N'10/23/2018 3:57:43 PM +00:00', 0, 16, N'Resource Breakdown Structure', N'', N'edd7dca4d2a94c7a8d6f55fbef403f8c')
GO
INSERT INTO [dbo].[ITOes] ([Id], [CreatedAt], [UpdatedAt], [Deleted], [ITOId], [ITOText], [ITODescription], [PmbokVersionId]) VALUES (N'6f7c2add6e484a8b981e41c23641c204', N'10/23/2018 3:57:44 PM +00:00', N'10/23/2018 3:57:44 PM +00:00', 0, 17, N'Analogous Estimating', N'', N'edd7dca4d2a94c7a8d6f55fbef403f8c')
GO
INSERT INTO [dbo].[ITOes] ([Id], [CreatedAt], [UpdatedAt], [Deleted], [ITOId], [ITOText], [ITODescription], [PmbokVersionId]) VALUES (N'9d591da0bd294995bdcb8a42026697e6', N'10/23/2018 3:57:44 PM +00:00', N'10/23/2018 3:57:44 PM +00:00', 0, 18, N'Parametric Estimating', N'', N'edd7dca4d2a94c7a8d6f55fbef403f8c')
GO
INSERT INTO [dbo].[ITOes] ([Id], [CreatedAt], [UpdatedAt], [Deleted], [ITOId], [ITOText], [ITODescription], [PmbokVersionId]) VALUES (N'94c5ad6332c14977a0816772c9bf1b21', N'10/23/2018 3:57:44 PM +00:00', N'10/23/2018 3:57:44 PM +00:00', 0, 19, N'Three-Point Estimates', N'', N'edd7dca4d2a94c7a8d6f55fbef403f8c')
GO
INSERT INTO [dbo].[ITOes] ([Id], [CreatedAt], [UpdatedAt], [Deleted], [ITOId], [ITOText], [ITODescription], [PmbokVersionId]) VALUES (N'e836a1abf57b499c9106f84b496ffb1a', N'10/23/2018 3:57:45 PM +00:00', N'10/23/2018 3:57:45 PM +00:00', 0, 20, N'Reserve Analysis', N'', N'edd7dca4d2a94c7a8d6f55fbef403f8c')
GO
INSERT INTO [dbo].[ITOes] ([Id], [CreatedAt], [UpdatedAt], [Deleted], [ITOId], [ITOText], [ITODescription], [PmbokVersionId]) VALUES (N'420a30f6897542b48d76d049a9100f06', N'10/23/2018 4:08:52 PM +00:00', N'10/23/2018 4:08:52 PM +00:00', 0, 15, N'Activity Duration Estimates', NULL, N'edd7dca4d2a94c7a8d6f55fbef403f8c')
GO
INSERT INTO [dbo].[ITOes] ([Id], [CreatedAt], [UpdatedAt], [Deleted], [ITOId], [ITOText], [ITODescription], [PmbokVersionId]) VALUES (N'925d58a7ecfe42459c0c9d7ae4673b9b', N'10/23/2018 4:08:52 PM +00:00', N'10/23/2018 4:08:52 PM +00:00', 0, 16, N'Schedule Network Analysis', N'', N'edd7dca4d2a94c7a8d6f55fbef403f8c')
GO
INSERT INTO [dbo].[ITOes] ([Id], [CreatedAt], [UpdatedAt], [Deleted], [ITOId], [ITOText], [ITODescription], [PmbokVersionId]) VALUES (N'8117c2154ac14ca38f99f3e18e19fa09', N'10/23/2018 4:08:53 PM +00:00', N'10/23/2018 4:08:53 PM +00:00', 0, 17, N'Critical Path Method', N'', N'edd7dca4d2a94c7a8d6f55fbef403f8c')
GO
INSERT INTO [dbo].[ITOes] ([Id], [CreatedAt], [UpdatedAt], [Deleted], [ITOId], [ITOText], [ITODescription], [PmbokVersionId]) VALUES (N'1b7c9f79e824471590100d98bbcbe7f5', N'10/23/2018 4:08:53 PM +00:00', N'10/23/2018 4:08:53 PM +00:00', 0, 18, N'Critical Chain Method', N'', N'edd7dca4d2a94c7a8d6f55fbef403f8c')
GO
INSERT INTO [dbo].[ITOes] ([Id], [CreatedAt], [UpdatedAt], [Deleted], [ITOId], [ITOText], [ITODescription], [PmbokVersionId]) VALUES (N'ff8cc62837a3453794f8ab8a7650e5b5', N'10/23/2018 4:08:53 PM +00:00', N'10/23/2018 4:08:53 PM +00:00', 0, 19, N'Resource Leveling', N'', N'edd7dca4d2a94c7a8d6f55fbef403f8c')
GO
INSERT INTO [dbo].[ITOes] ([Id], [CreatedAt], [UpdatedAt], [Deleted], [ITOId], [ITOText], [ITODescription], [PmbokVersionId]) VALUES (N'082520ecaaba43e08b81fd9f5fec4ca0', N'10/23/2018 4:08:54 PM +00:00', N'10/23/2018 4:08:54 PM +00:00', 0, 20, N'What-If Scenario Analysis', N'', N'edd7dca4d2a94c7a8d6f55fbef403f8c')
GO
INSERT INTO [dbo].[ITOes] ([Id], [CreatedAt], [UpdatedAt], [Deleted], [ITOId], [ITOText], [ITODescription], [PmbokVersionId]) VALUES (N'85e7a2854c204dda9290fa1fbaa32fed', N'10/23/2018 4:08:54 PM +00:00', N'10/23/2018 4:08:54 PM +00:00', 0, 21, N'Schedule Compression', N'', N'edd7dca4d2a94c7a8d6f55fbef403f8c')
GO
INSERT INTO [dbo].[ITOes] ([Id], [CreatedAt], [UpdatedAt], [Deleted], [ITOId], [ITOText], [ITODescription], [PmbokVersionId]) VALUES (N'b899f180346148afa65106c529b4c310', N'10/23/2018 4:08:54 PM +00:00', N'10/23/2018 4:08:54 PM +00:00', 0, 22, N'Scheduling Tool', N'', N'edd7dca4d2a94c7a8d6f55fbef403f8c')
GO
INSERT INTO [dbo].[ITOes] ([Id], [CreatedAt], [UpdatedAt], [Deleted], [ITOId], [ITOText], [ITODescription], [PmbokVersionId]) VALUES (N'1f6e915d195a49fa95837d86890753a4', N'10/23/2018 4:08:55 PM +00:00', N'10/23/2018 4:08:55 PM +00:00', 0, 23, N'Project Schedule', N'', N'edd7dca4d2a94c7a8d6f55fbef403f8c')
GO
INSERT INTO [dbo].[ITOes] ([Id], [CreatedAt], [UpdatedAt], [Deleted], [ITOId], [ITOText], [ITODescription], [PmbokVersionId]) VALUES (N'75ec842c862f4590bde5f130f0089792', N'10/23/2018 4:08:55 PM +00:00', N'10/23/2018 4:08:55 PM +00:00', 0, 24, N'Schedule Baseline', N'', N'edd7dca4d2a94c7a8d6f55fbef403f8c')
GO
INSERT INTO [dbo].[ITOes] ([Id], [CreatedAt], [UpdatedAt], [Deleted], [ITOId], [ITOText], [ITODescription], [PmbokVersionId]) VALUES (N'd9562c7d571f4fdca5062e38ee805a8f', N'10/23/2018 4:08:55 PM +00:00', N'10/23/2018 4:08:55 PM +00:00', 0, 25, N'Schedule Data', N'', N'edd7dca4d2a94c7a8d6f55fbef403f8c')
GO
INSERT INTO [dbo].[ITOes] ([Id], [CreatedAt], [UpdatedAt], [Deleted], [ITOId], [ITOText], [ITODescription], [PmbokVersionId]) VALUES (N'4a7c623c4c2a418298f5c655a0fd1a90', N'10/23/2018 4:09:57 PM +00:00', N'10/23/2018 4:09:57 PM +00:00', 0, 15, N'Performance Reviews', NULL, N'edd7dca4d2a94c7a8d6f55fbef403f8c')
GO
INSERT INTO [dbo].[ITOes] ([Id], [CreatedAt], [UpdatedAt], [Deleted], [ITOId], [ITOText], [ITODescription], [PmbokVersionId]) VALUES (N'5d9571d034c045dca6bee60752080f5c', N'10/23/2018 5:08:32 PM +00:00', N'10/23/2018 5:08:32 PM +00:00', 0, 16, N'Procurement Documents', NULL, N'edd7dca4d2a94c7a8d6f55fbef403f8c')
GO
INSERT INTO [dbo].[ITOes] ([Id], [CreatedAt], [UpdatedAt], [Deleted], [ITOId], [ITOText], [ITODescription], [PmbokVersionId]) VALUES (N'3388507d548048c98a3c12850368bb79', N'10/23/2018 5:08:33 PM +00:00', N'10/23/2018 5:08:33 PM +00:00', 0, 17, N'Stakeholder Register', N'', N'edd7dca4d2a94c7a8d6f55fbef403f8c')
GO
INSERT INTO [dbo].[ITOes] ([Id], [CreatedAt], [UpdatedAt], [Deleted], [ITOId], [ITOText], [ITODescription], [PmbokVersionId]) VALUES (N'c5f503395461459eb14656e041db511b', N'10/23/2018 5:08:33 PM +00:00', N'10/23/2018 5:08:33 PM +00:00', 0, 18, N'Stakeholder Management Strategy', N'', N'edd7dca4d2a94c7a8d6f55fbef403f8c')
GO
INSERT INTO [dbo].[ITOes] ([Id], [CreatedAt], [UpdatedAt], [Deleted], [ITOId], [ITOText], [ITODescription], [PmbokVersionId]) VALUES (N'edd19bb076a6421181eaab2664fa4c31', N'10/23/2018 5:12:49 PM +00:00', N'10/23/2018 5:12:49 PM +00:00', 0, 19, N'Stakeholder Analysis', NULL, N'edd7dca4d2a94c7a8d6f55fbef403f8c')
GO

INSERT INTO [dbo].[ProcessInputs] ([Id], [CreatedAt], [UpdatedAt], [Deleted], [PmbokVersionId], [ITOId], [ProcessCatalogId], [InputSequence], [ProcessInputDescription], [ProcessInputText], [ITOText]) VALUES (N'2a9068a4fc5d4947864407889469c00e', N'9/26/2018 3:55:48 PM +00:00', N'9/26/2018 3:55:48 PM +00:00', 0, N'edd7dca4d2a94c7a8d6f55fbef403f8c', N'8f4d1f767c1d426c849eca41f90a390f', N'a5fb15dcf7cb4a6aa1a7938f88ba96c1', 1, N'The statement of work is a narrative description of products or services to be delivered by the project.', N'Statement of Work', N'Project Statement of Work')
GO
INSERT INTO [dbo].[ProcessInputs] ([Id], [CreatedAt], [UpdatedAt], [Deleted], [PmbokVersionId], [ITOId], [ProcessCatalogId], [InputSequence], [ProcessInputDescription], [ProcessInputText], [ITOText]) VALUES (N'6545f469da9f4c4cb4118b0ebb11a87a', N'9/26/2018 4:03:48 PM +00:00', N'9/26/2018 4:03:48 PM +00:00', 0, N'edd7dca4d2a94c7a8d6f55fbef403f8c', N'd54c20ffc9c1482b8336261bf299362c', N'a5fb15dcf7cb4a6aa1a7938f88ba96c1', 2, N'The Business Case or similar document provides the necessary information from a business perspective whether or not the project is worth the required investment.', N'Business Case', N'Business Case')
GO
INSERT INTO [dbo].[ProcessInputs] ([Id], [CreatedAt], [UpdatedAt], [Deleted], [PmbokVersionId], [ITOId], [ProcessCatalogId], [InputSequence], [ProcessInputDescription], [ProcessInputText], [ITOText]) VALUES (N'97d46f9dd153417aae575e9384753aec', N'9/26/2018 4:03:48 PM +00:00', N'9/26/2018 4:03:48 PM +00:00', 0, N'edd7dca4d2a94c7a8d6f55fbef403f8c', N'9082596afc424224946b40cfd99aea28', N'a5fb15dcf7cb4a6aa1a7938f88ba96c1', 3, N'A Contract is required if the project is being done for an external customer.', N'Contract', N'Contract')
GO
INSERT INTO [dbo].[ProcessInputs] ([Id], [CreatedAt], [UpdatedAt], [Deleted], [PmbokVersionId], [ITOId], [ProcessCatalogId], [InputSequence], [ProcessInputDescription], [ProcessInputText], [ITOText]) VALUES (N'e67f4213c319475287cf8daa098512fb', N'9/26/2018 4:03:49 PM +00:00', N'9/26/2018 4:03:49 PM +00:00', 0, N'edd7dca4d2a94c7a8d6f55fbef403f8c', N'00affa9273e343cfa7e58952bcf8d133', N'a5fb15dcf7cb4a6aa1a7938f88ba96c1', 4, N'Enterprise Environmental Factors which can influence the Develop Project Charter process.', N'Enterprise Environmental Factor', N'Enterprise Environmental Factors')
GO
INSERT INTO [dbo].[ProcessInputs] ([Id], [CreatedAt], [UpdatedAt], [Deleted], [PmbokVersionId], [ITOId], [ProcessCatalogId], [InputSequence], [ProcessInputDescription], [ProcessInputText], [ITOText]) VALUES (N'ea1fd1fb87474d7b8110ad63887a31bd', N'9/26/2018 4:03:49 PM +00:00', N'9/26/2018 4:03:49 PM +00:00', 0, N'edd7dca4d2a94c7a8d6f55fbef403f8c', N'0e04c8ac960f481ebdb71a5e3582bd7e', N'a5fb15dcf7cb4a6aa1a7938f88ba96c1', 5, N'Organizational Process Assets which can influence the Develop Project Charter process.', N'Organizational Process Assets', N'Organizational Process Assets')
GO
INSERT INTO [dbo].[ProcessInputs] ([Id], [CreatedAt], [UpdatedAt], [Deleted], [PmbokVersionId], [ITOId], [ProcessCatalogId], [InputSequence], [ProcessInputDescription], [ProcessInputText], [ITOText]) VALUES (N'0a27ac1e0372480d9c81dd438f4deb90', N'10/2/2018 5:14:05 PM +00:00', N'10/2/2018 5:14:05 PM +00:00', 0, N'edd7dca4d2a94c7a8d6f55fbef403f8c', N'18315f9d54944e4894a4b6fb40704960', N'a34ade8e7c8642448319d7d2ab364829', 1, N'As described.', N'Project Charter', N'Project Charter')
GO
INSERT INTO [dbo].[ProcessInputs] ([Id], [CreatedAt], [UpdatedAt], [Deleted], [PmbokVersionId], [ITOId], [ProcessCatalogId], [InputSequence], [ProcessInputDescription], [ProcessInputText], [ITOText]) VALUES (N'e84436cf00014bfd9fa121ca398d90f2', N'10/2/2018 5:14:06 PM +00:00', N'10/2/2018 5:14:06 PM +00:00', 0, N'edd7dca4d2a94c7a8d6f55fbef403f8c', N'416fd16e74e1404ba47dc895e2154d85', N'a34ade8e7c8642448319d7d2ab364829', 2, N'Outputs from the many plans as created in the  Planning Process Group.', N'Outputs From Planning Processes', N'Outputs From Planning Processes')
GO
INSERT INTO [dbo].[ProcessInputs] ([Id], [CreatedAt], [UpdatedAt], [Deleted], [PmbokVersionId], [ITOId], [ProcessCatalogId], [InputSequence], [ProcessInputDescription], [ProcessInputText], [ITOText]) VALUES (N'783a8e6a42964a94b1c1e77b53c547ce', N'10/2/2018 5:14:06 PM +00:00', N'10/2/2018 5:14:06 PM +00:00', 0, N'edd7dca4d2a94c7a8d6f55fbef403f8c', N'00affa9273e343cfa7e58952bcf8d133', N'a34ade8e7c8642448319d7d2ab364829', 3, N'The enterprise environmental factors that can influence the Project Management Plan process.', N'Enterprise Environmental Factors', N'Enterprise Environmental Factors')
GO
INSERT INTO [dbo].[ProcessInputs] ([Id], [CreatedAt], [UpdatedAt], [Deleted], [PmbokVersionId], [ITOId], [ProcessCatalogId], [InputSequence], [ProcessInputDescription], [ProcessInputText], [ITOText]) VALUES (N'70e7552ff8454e52b563521eee5b7601', N'10/2/2018 5:14:07 PM +00:00', N'10/2/2018 5:14:07 PM +00:00', 0, N'edd7dca4d2a94c7a8d6f55fbef403f8c', N'0e04c8ac960f481ebdb71a5e3582bd7e', N'a34ade8e7c8642448319d7d2ab364829', 4, N'Organizational process assets which can influence the Develop Project Management Plan process.', N'Organizational Process Assets', N'Organizational Process Assets')
GO
INSERT INTO [dbo].[ProcessInputs] ([Id], [CreatedAt], [UpdatedAt], [Deleted], [PmbokVersionId], [ITOId], [ProcessCatalogId], [InputSequence], [ProcessInputDescription], [ProcessInputText], [ITOText]) VALUES (N'6ed3f698858d442993664e150322479e', N'10/2/2018 5:21:04 PM +00:00', N'10/2/2018 5:21:04 PM +00:00', 0, N'edd7dca4d2a94c7a8d6f55fbef403f8c', N'b4f179fdf4974055a16508720cf22812', N'a26f97c2a68b4a778d8fa44e47fceecd', 1, N'As described.', N'Project Management Plan', N'Project Management Plan')
GO
INSERT INTO [dbo].[ProcessInputs] ([Id], [CreatedAt], [UpdatedAt], [Deleted], [PmbokVersionId], [ITOId], [ProcessCatalogId], [InputSequence], [ProcessInputDescription], [ProcessInputText], [ITOText]) VALUES (N'a0966235d4fd43758e19fa56d2fe9a64', N'10/3/2018 9:44:54 PM +00:00', N'10/3/2018 9:44:54 PM +00:00', 0, N'edd7dca4d2a94c7a8d6f55fbef403f8c', N'6d3718fde2904a3bb5bfa2348296cfb9', N'a26f97c2a68b4a778d8fa44e47fceecd', 2, N'Approved Change Requests are the documented, authorized changes to expand or reduce the project scope and may also modify policies the Project Management Plan, procedures, costs or budgets, or revise schedules. Approved Change Requests are scheduled and implemented by the project team.', N'Approved Change Requests', N'Approved Change Requests')
GO
INSERT INTO [dbo].[ProcessInputs] ([Id], [CreatedAt], [UpdatedAt], [Deleted], [PmbokVersionId], [ITOId], [ProcessCatalogId], [InputSequence], [ProcessInputDescription], [ProcessInputText], [ITOText]) VALUES (N'c0a41a33b699436eabd9efa85f25a681', N'10/11/2018 5:13:24 PM +00:00', N'10/11/2018 5:13:24 PM +00:00', 0, N'edd7dca4d2a94c7a8d6f55fbef403f8c', N'18315f9d54944e4894a4b6fb40704960', N'fa19e9ac35fd4136b2d032a3a44a91b0', 1, NULL, N'Project Charter', N'Project Charter')
GO
INSERT INTO [dbo].[ProcessInputs] ([Id], [CreatedAt], [UpdatedAt], [Deleted], [PmbokVersionId], [ITOId], [ProcessCatalogId], [InputSequence], [ProcessInputDescription], [ProcessInputText], [ITOText]) VALUES (N'62ec4ba08dfc4f9da0f774c52d736ffd', N'10/11/2018 5:13:24 PM +00:00', N'10/11/2018 5:13:24 PM +00:00', 0, N'edd7dca4d2a94c7a8d6f55fbef403f8c', N'5b4dca31bc124d7ead527e25bd13e8dd', N'fa19e9ac35fd4136b2d032a3a44a91b0', 2, N'', N'Stakeholder Register', N'Stakeholder Register')
GO
INSERT INTO [dbo].[ProcessInputs] ([Id], [CreatedAt], [UpdatedAt], [Deleted], [PmbokVersionId], [ITOId], [ProcessCatalogId], [InputSequence], [ProcessInputDescription], [ProcessInputText], [ITOText]) VALUES (N'74c61d7770d94c0792529d76ca5f4eb7', N'10/11/2018 6:56:23 PM +00:00', N'10/11/2018 6:56:23 PM +00:00', 0, N'edd7dca4d2a94c7a8d6f55fbef403f8c', N'18315f9d54944e4894a4b6fb40704960', N'531de83328b54b81872e81e3da60c194', 1, NULL, N'Project Charter', N'Project Charter')
GO
INSERT INTO [dbo].[ProcessInputs] ([Id], [CreatedAt], [UpdatedAt], [Deleted], [PmbokVersionId], [ITOId], [ProcessCatalogId], [InputSequence], [ProcessInputDescription], [ProcessInputText], [ITOText]) VALUES (N'dd2f5f68f5e74eae86f794786e20660d', N'10/11/2018 7:06:31 PM +00:00', N'10/11/2018 7:06:31 PM +00:00', 0, N'edd7dca4d2a94c7a8d6f55fbef403f8c', N'343d504bd5334033a10993b3187de649', N'531de83328b54b81872e81e3da60c194', 2, NULL, N'Requirements Documentation', N'Requirements Documentation')
GO
INSERT INTO [dbo].[ProcessInputs] ([Id], [CreatedAt], [UpdatedAt], [Deleted], [PmbokVersionId], [ITOId], [ProcessCatalogId], [InputSequence], [ProcessInputDescription], [ProcessInputText], [ITOText]) VALUES (N'd142ecbf4dd245a59b08f189167ab564', N'10/11/2018 7:06:33 PM +00:00', N'10/11/2018 7:06:44 PM +00:00', 1, N'edd7dca4d2a94c7a8d6f55fbef403f8c', N'0e04c8ac960f481ebdb71a5e3582bd7e', N'531de83328b54b81872e81e3da60c194', 3, N'', N'Organizational Process Assets', N'Organizational Process Assets')
GO
INSERT INTO [dbo].[ProcessInputs] ([Id], [CreatedAt], [UpdatedAt], [Deleted], [PmbokVersionId], [ITOId], [ProcessCatalogId], [InputSequence], [ProcessInputDescription], [ProcessInputText], [ITOText]) VALUES (N'ab4f87e484034f168d440f890b678146', N'10/11/2018 7:07:15 PM +00:00', N'10/11/2018 7:07:15 PM +00:00', 0, N'edd7dca4d2a94c7a8d6f55fbef403f8c', N'0e04c8ac960f481ebdb71a5e3582bd7e', N'531de83328b54b81872e81e3da60c194', 3, NULL, N'Organizational Process Assets', N'Organizational Process Assets')
GO
INSERT INTO [dbo].[ProcessInputs] ([Id], [CreatedAt], [UpdatedAt], [Deleted], [PmbokVersionId], [ITOId], [ProcessCatalogId], [InputSequence], [ProcessInputDescription], [ProcessInputText], [ITOText]) VALUES (N'349fe30ddf2b459cab581fced557ba3e', N'10/15/2018 4:31:44 PM +00:00', N'10/15/2018 4:31:44 PM +00:00', 0, N'edd7dca4d2a94c7a8d6f55fbef403f8c', N'565f0668b8434a54a47ba5376de89e28', N'59c0bef97e264aa6bafde623a8c7ab65', 1, NULL, N'Project Scope Statement', N'Project Scope Statement')
GO
INSERT INTO [dbo].[ProcessInputs] ([Id], [CreatedAt], [UpdatedAt], [Deleted], [PmbokVersionId], [ITOId], [ProcessCatalogId], [InputSequence], [ProcessInputDescription], [ProcessInputText], [ITOText]) VALUES (N'd0df3d6b856046a5bbe8411f90d06d4b', N'10/15/2018 4:31:45 PM +00:00', N'10/15/2018 4:31:45 PM +00:00', 0, N'edd7dca4d2a94c7a8d6f55fbef403f8c', N'343d504bd5334033a10993b3187de649', N'59c0bef97e264aa6bafde623a8c7ab65', 2, N'', N'Requirements Documentation', N'Requirements Documentation')
GO
INSERT INTO [dbo].[ProcessInputs] ([Id], [CreatedAt], [UpdatedAt], [Deleted], [PmbokVersionId], [ITOId], [ProcessCatalogId], [InputSequence], [ProcessInputDescription], [ProcessInputText], [ITOText]) VALUES (N'533b0b4defbf445cbf03bedff66d86d4', N'10/15/2018 4:31:45 PM +00:00', N'10/15/2018 4:31:45 PM +00:00', 0, N'edd7dca4d2a94c7a8d6f55fbef403f8c', N'0e04c8ac960f481ebdb71a5e3582bd7e', N'59c0bef97e264aa6bafde623a8c7ab65', 3, N'', N'Organizational Process Assets', N'Organizational Process Assets')
GO
INSERT INTO [dbo].[ProcessInputs] ([Id], [CreatedAt], [UpdatedAt], [Deleted], [PmbokVersionId], [ITOId], [ProcessCatalogId], [InputSequence], [ProcessInputDescription], [ProcessInputText], [ITOText]) VALUES (N'b1cae99a04c8458783487b88e5dd14b6', N'10/15/2018 4:36:01 PM +00:00', N'10/15/2018 4:36:01 PM +00:00', 0, N'edd7dca4d2a94c7a8d6f55fbef403f8c', N'b4f179fdf4974055a16508720cf22812', N'afc084884a394d54b48c7e108685a3ee', 1, NULL, N'Project Management Plan', N'Project Management Plan')
GO
INSERT INTO [dbo].[ProcessInputs] ([Id], [CreatedAt], [UpdatedAt], [Deleted], [PmbokVersionId], [ITOId], [ProcessCatalogId], [InputSequence], [ProcessInputDescription], [ProcessInputText], [ITOText]) VALUES (N'36a91619863544148a717eb47c92ec61', N'10/15/2018 4:36:01 PM +00:00', N'10/15/2018 4:36:01 PM +00:00', 0, N'edd7dca4d2a94c7a8d6f55fbef403f8c', N'343d504bd5334033a10993b3187de649', N'afc084884a394d54b48c7e108685a3ee', 2, N'', N'Requirements Documentation', N'Requirements Documentation')
GO
INSERT INTO [dbo].[ProcessInputs] ([Id], [CreatedAt], [UpdatedAt], [Deleted], [PmbokVersionId], [ITOId], [ProcessCatalogId], [InputSequence], [ProcessInputDescription], [ProcessInputText], [ITOText]) VALUES (N'e7da0bc684bc40e1a3d08e8a268ea3ad', N'10/15/2018 4:36:01 PM +00:00', N'10/15/2018 4:36:01 PM +00:00', 0, N'edd7dca4d2a94c7a8d6f55fbef403f8c', N'8983c96fa58641b797310047a1a5e0c7', N'afc084884a394d54b48c7e108685a3ee', 3, N'', N'Requirements Traceability Matrix', N'Requirements Traceability Matrix')
GO
INSERT INTO [dbo].[ProcessInputs] ([Id], [CreatedAt], [UpdatedAt], [Deleted], [PmbokVersionId], [ITOId], [ProcessCatalogId], [InputSequence], [ProcessInputDescription], [ProcessInputText], [ITOText]) VALUES (N'2813dc9196b0475d950c7f2febf6e38a', N'10/15/2018 4:43:08 PM +00:00', N'10/15/2018 4:43:08 PM +00:00', 0, N'edd7dca4d2a94c7a8d6f55fbef403f8c', N'd6ef3dde983a411385cf5c2c3a840399', N'afc084884a394d54b48c7e108685a3ee', 4, NULL, N'Validated Deliverables', N'Validated Deliverables')
GO
INSERT INTO [dbo].[ProcessInputs] ([Id], [CreatedAt], [UpdatedAt], [Deleted], [PmbokVersionId], [ITOId], [ProcessCatalogId], [InputSequence], [ProcessInputDescription], [ProcessInputText], [ITOText]) VALUES (N'12bd450da6bd4eb48643af7c263370b6', N'10/15/2018 4:46:30 PM +00:00', N'10/15/2018 4:46:30 PM +00:00', 0, N'edd7dca4d2a94c7a8d6f55fbef403f8c', N'b4f179fdf4974055a16508720cf22812', N'7f2f2c7260e64d298fc23ef6ded53fa8', 1, NULL, N'Project Management Plan', N'Project Management Plan')
GO
INSERT INTO [dbo].[ProcessInputs] ([Id], [CreatedAt], [UpdatedAt], [Deleted], [PmbokVersionId], [ITOId], [ProcessCatalogId], [InputSequence], [ProcessInputDescription], [ProcessInputText], [ITOText]) VALUES (N'980e298eaf894ce88b64524917261eb6', N'10/15/2018 4:46:30 PM +00:00', N'10/15/2018 4:46:30 PM +00:00', 0, N'edd7dca4d2a94c7a8d6f55fbef403f8c', N'e4db71f03ee940349786e7711de64e74', N'7f2f2c7260e64d298fc23ef6ded53fa8', 2, N'', N'Work Performance Information', N'Work Performance Information')
GO
INSERT INTO [dbo].[ProcessInputs] ([Id], [CreatedAt], [UpdatedAt], [Deleted], [PmbokVersionId], [ITOId], [ProcessCatalogId], [InputSequence], [ProcessInputDescription], [ProcessInputText], [ITOText]) VALUES (N'36e26ed5d89340058ef4fc01854aa2da', N'10/15/2018 4:46:30 PM +00:00', N'10/15/2018 4:46:30 PM +00:00', 0, N'edd7dca4d2a94c7a8d6f55fbef403f8c', N'343d504bd5334033a10993b3187de649', N'7f2f2c7260e64d298fc23ef6ded53fa8', 3, N'', N'Requirements Documentation', N'Requirements Documentation')
GO
INSERT INTO [dbo].[ProcessInputs] ([Id], [CreatedAt], [UpdatedAt], [Deleted], [PmbokVersionId], [ITOId], [ProcessCatalogId], [InputSequence], [ProcessInputDescription], [ProcessInputText], [ITOText]) VALUES (N'06de96ef5e164ed5b2cebf975aee50f9', N'10/15/2018 4:46:31 PM +00:00', N'10/15/2018 4:46:31 PM +00:00', 0, N'edd7dca4d2a94c7a8d6f55fbef403f8c', N'8983c96fa58641b797310047a1a5e0c7', N'7f2f2c7260e64d298fc23ef6ded53fa8', 4, N'', N'Requirements Traceability Matrix', N'Requirements Traceability Matrix')
GO
INSERT INTO [dbo].[ProcessInputs] ([Id], [CreatedAt], [UpdatedAt], [Deleted], [PmbokVersionId], [ITOId], [ProcessCatalogId], [InputSequence], [ProcessInputDescription], [ProcessInputText], [ITOText]) VALUES (N'3921d35a225841d299525216e2cb6c6a', N'10/15/2018 4:46:31 PM +00:00', N'10/15/2018 4:46:31 PM +00:00', 0, N'edd7dca4d2a94c7a8d6f55fbef403f8c', N'0e04c8ac960f481ebdb71a5e3582bd7e', N'7f2f2c7260e64d298fc23ef6ded53fa8', 5, N'', N'Organizational Process Assets', N'Organizational Process Assets')
GO
INSERT INTO [dbo].[ProcessInputs] ([Id], [CreatedAt], [UpdatedAt], [Deleted], [PmbokVersionId], [ITOId], [ProcessCatalogId], [InputSequence], [ProcessInputDescription], [ProcessInputText], [ITOText]) VALUES (N'88c3c9ad33f846cfa9fd8dbc88ce0941', N'10/23/2018 4:13:00 PM +00:00', N'10/23/2018 4:13:00 PM +00:00', 0, N'edd7dca4d2a94c7a8d6f55fbef403f8c', N'00affa9273e343cfa7e58952bcf8d133', N'a26f97c2a68b4a778d8fa44e47fceecd', 3, NULL, N'Enterprise Environmental Factors', N'Enterprise Environmental Factors')
GO
INSERT INTO [dbo].[ProcessInputs] ([Id], [CreatedAt], [UpdatedAt], [Deleted], [PmbokVersionId], [ITOId], [ProcessCatalogId], [InputSequence], [ProcessInputDescription], [ProcessInputText], [ITOText]) VALUES (N'02703cfd48a540d68825a6a3877eb85d', N'10/23/2018 4:13:00 PM +00:00', N'10/23/2018 4:13:00 PM +00:00', 0, N'edd7dca4d2a94c7a8d6f55fbef403f8c', N'0e04c8ac960f481ebdb71a5e3582bd7e', N'a26f97c2a68b4a778d8fa44e47fceecd', 4, N'', N'Organizational Process Assets', N'Organizational Process Assets')
GO
INSERT INTO [dbo].[ProcessInputs] ([Id], [CreatedAt], [UpdatedAt], [Deleted], [PmbokVersionId], [ITOId], [ProcessCatalogId], [InputSequence], [ProcessInputDescription], [ProcessInputText], [ITOText]) VALUES (N'7037e052e1c84360b1ce7832e227304d', N'10/23/2018 4:17:57 PM +00:00', N'10/23/2018 4:17:57 PM +00:00', 0, N'edd7dca4d2a94c7a8d6f55fbef403f8c', N'b4f179fdf4974055a16508720cf22812', N'aa18e3fa8fc1400d9ed6badefbf5c324', 1, NULL, N'Project Management Plan', N'Project Management Plan')
GO
INSERT INTO [dbo].[ProcessInputs] ([Id], [CreatedAt], [UpdatedAt], [Deleted], [PmbokVersionId], [ITOId], [ProcessCatalogId], [InputSequence], [ProcessInputDescription], [ProcessInputText], [ITOText]) VALUES (N'b1d8bed4c21649d7ab32d9aacf79d612', N'10/23/2018 4:17:57 PM +00:00', N'10/23/2018 4:17:57 PM +00:00', 0, N'edd7dca4d2a94c7a8d6f55fbef403f8c', N'17c9d1c2f50e46e682c1f23bcef5487b', N'aa18e3fa8fc1400d9ed6badefbf5c324', 2, N'', N'Performance Reports', N'Performance Reports')
GO
INSERT INTO [dbo].[ProcessInputs] ([Id], [CreatedAt], [UpdatedAt], [Deleted], [PmbokVersionId], [ITOId], [ProcessCatalogId], [InputSequence], [ProcessInputDescription], [ProcessInputText], [ITOText]) VALUES (N'83dbb1be55cd47e5ae688453790d003c', N'10/23/2018 4:17:58 PM +00:00', N'10/23/2018 4:17:58 PM +00:00', 0, N'edd7dca4d2a94c7a8d6f55fbef403f8c', N'00affa9273e343cfa7e58952bcf8d133', N'aa18e3fa8fc1400d9ed6badefbf5c324', 3, N'', N'Enterprise Environmental Factors', N'Enterprise Environmental Factors')
GO
INSERT INTO [dbo].[ProcessInputs] ([Id], [CreatedAt], [UpdatedAt], [Deleted], [PmbokVersionId], [ITOId], [ProcessCatalogId], [InputSequence], [ProcessInputDescription], [ProcessInputText], [ITOText]) VALUES (N'af85b4c48fad4535a044326e5b781524', N'10/23/2018 4:17:58 PM +00:00', N'10/23/2018 4:17:58 PM +00:00', 0, N'edd7dca4d2a94c7a8d6f55fbef403f8c', N'0e04c8ac960f481ebdb71a5e3582bd7e', N'aa18e3fa8fc1400d9ed6badefbf5c324', 4, N'', N'Organizational Process Assets', N'Organizational Process Assets')
GO
INSERT INTO [dbo].[ProcessInputs] ([Id], [CreatedAt], [UpdatedAt], [Deleted], [PmbokVersionId], [ITOId], [ProcessCatalogId], [InputSequence], [ProcessInputDescription], [ProcessInputText], [ITOText]) VALUES (N'205596c0f9e5497080e7846c04791449', N'10/23/2018 4:20:27 PM +00:00', N'10/23/2018 4:20:27 PM +00:00', 0, N'edd7dca4d2a94c7a8d6f55fbef403f8c', N'b4f179fdf4974055a16508720cf22812', N'555a7bbfa974452e95ff29b97359d1a3', 1, NULL, N'Project Management Plan', N'Project Management Plan')
GO
INSERT INTO [dbo].[ProcessInputs] ([Id], [CreatedAt], [UpdatedAt], [Deleted], [PmbokVersionId], [ITOId], [ProcessCatalogId], [InputSequence], [ProcessInputDescription], [ProcessInputText], [ITOText]) VALUES (N'd5ecfd4c13a14bcb8077c98f278f84d2', N'10/23/2018 4:20:28 PM +00:00', N'10/23/2018 4:20:28 PM +00:00', 0, N'edd7dca4d2a94c7a8d6f55fbef403f8c', N'e4db71f03ee940349786e7711de64e74', N'555a7bbfa974452e95ff29b97359d1a3', 2, N'', N'Work Performance Information', N'Work Performance Information')
GO
INSERT INTO [dbo].[ProcessInputs] ([Id], [CreatedAt], [UpdatedAt], [Deleted], [PmbokVersionId], [ITOId], [ProcessCatalogId], [InputSequence], [ProcessInputDescription], [ProcessInputText], [ITOText]) VALUES (N'677f76b66999442098ef3131066c0006', N'10/23/2018 4:20:28 PM +00:00', N'10/23/2018 4:20:28 PM +00:00', 0, N'edd7dca4d2a94c7a8d6f55fbef403f8c', N'3385bac2e2e9424dbeaebed6408c66ff', N'555a7bbfa974452e95ff29b97359d1a3', 3, N'', N'Change Requests', N'Change Requests')
GO
INSERT INTO [dbo].[ProcessInputs] ([Id], [CreatedAt], [UpdatedAt], [Deleted], [PmbokVersionId], [ITOId], [ProcessCatalogId], [InputSequence], [ProcessInputDescription], [ProcessInputText], [ITOText]) VALUES (N'6cb8c9a4b7024cb2b503e65656fee014', N'10/23/2018 4:20:29 PM +00:00', N'10/23/2018 4:20:29 PM +00:00', 0, N'edd7dca4d2a94c7a8d6f55fbef403f8c', N'00affa9273e343cfa7e58952bcf8d133', N'555a7bbfa974452e95ff29b97359d1a3', 4, N'', N'Enterprise Environmental Factors', N'Enterprise Environmental Factors')
GO
INSERT INTO [dbo].[ProcessInputs] ([Id], [CreatedAt], [UpdatedAt], [Deleted], [PmbokVersionId], [ITOId], [ProcessCatalogId], [InputSequence], [ProcessInputDescription], [ProcessInputText], [ITOText]) VALUES (N'0d430ef362494a93aa4dd63753da76b5', N'10/23/2018 4:20:29 PM +00:00', N'10/23/2018 4:20:29 PM +00:00', 0, N'edd7dca4d2a94c7a8d6f55fbef403f8c', N'0e04c8ac960f481ebdb71a5e3582bd7e', N'555a7bbfa974452e95ff29b97359d1a3', 5, N'', N'Organizational Process Assets', N'Organizational Process Assets')
GO
INSERT INTO [dbo].[ProcessInputs] ([Id], [CreatedAt], [UpdatedAt], [Deleted], [PmbokVersionId], [ITOId], [ProcessCatalogId], [InputSequence], [ProcessInputDescription], [ProcessInputText], [ITOText]) VALUES (N'62a3abf90e4c4309a2043d409dfe1428', N'10/23/2018 4:22:50 PM +00:00', N'10/23/2018 4:22:50 PM +00:00', 0, N'edd7dca4d2a94c7a8d6f55fbef403f8c', N'b4f179fdf4974055a16508720cf22812', N'94fe0012bf684714a2ca99a78a1a027a', 1, NULL, N'Project Management Plan', N'Project Management Plan')
GO
INSERT INTO [dbo].[ProcessInputs] ([Id], [CreatedAt], [UpdatedAt], [Deleted], [PmbokVersionId], [ITOId], [ProcessCatalogId], [InputSequence], [ProcessInputDescription], [ProcessInputText], [ITOText]) VALUES (N'8b31c9e980f74330903a26821e258bcf', N'10/23/2018 4:22:51 PM +00:00', N'10/23/2018 4:22:51 PM +00:00', 0, N'edd7dca4d2a94c7a8d6f55fbef403f8c', N'e310353136544492b8e2cec0a8add481', N'94fe0012bf684714a2ca99a78a1a027a', 2, N'', N'Accepted Deliverables', N'Accepted Deliverables')
GO
INSERT INTO [dbo].[ProcessInputs] ([Id], [CreatedAt], [UpdatedAt], [Deleted], [PmbokVersionId], [ITOId], [ProcessCatalogId], [InputSequence], [ProcessInputDescription], [ProcessInputText], [ITOText]) VALUES (N'768cc83ef7ae4d97aaead74e9359140a', N'10/23/2018 4:22:51 PM +00:00', N'10/23/2018 4:22:51 PM +00:00', 0, N'edd7dca4d2a94c7a8d6f55fbef403f8c', N'0e04c8ac960f481ebdb71a5e3582bd7e', N'94fe0012bf684714a2ca99a78a1a027a', 3, N'', N'Organizational Process Assets', N'Organizational Process Assets')
GO
INSERT INTO [dbo].[ProcessInputs] ([Id], [CreatedAt], [UpdatedAt], [Deleted], [PmbokVersionId], [ITOId], [ProcessCatalogId], [InputSequence], [ProcessInputDescription], [ProcessInputText], [ITOText]) VALUES (N'f21580b79a8c4f70aac1d8df59b8c3a1', N'10/23/2018 5:10:49 PM +00:00', N'10/23/2018 5:10:49 PM +00:00', 0, N'edd7dca4d2a94c7a8d6f55fbef403f8c', N'18315f9d54944e4894a4b6fb40704960', N'f613c069c415453bb6da7456c02480c3', 1, NULL, N'Project Charter', N'Project Charter')
GO
INSERT INTO [dbo].[ProcessInputs] ([Id], [CreatedAt], [UpdatedAt], [Deleted], [PmbokVersionId], [ITOId], [ProcessCatalogId], [InputSequence], [ProcessInputDescription], [ProcessInputText], [ITOText]) VALUES (N'3da7bc8546394331a133d221a35a4891', N'10/23/2018 5:10:49 PM +00:00', N'10/23/2018 5:10:49 PM +00:00', 0, N'edd7dca4d2a94c7a8d6f55fbef403f8c', N'5d9571d034c045dca6bee60752080f5c', N'f613c069c415453bb6da7456c02480c3', 2, N'', N'Procurement Documents', N'Procurement Documents')
GO
INSERT INTO [dbo].[ProcessInputs] ([Id], [CreatedAt], [UpdatedAt], [Deleted], [PmbokVersionId], [ITOId], [ProcessCatalogId], [InputSequence], [ProcessInputDescription], [ProcessInputText], [ITOText]) VALUES (N'5dbc55022d45432d846d843ac251e683', N'10/23/2018 5:10:50 PM +00:00', N'10/23/2018 5:10:50 PM +00:00', 0, N'edd7dca4d2a94c7a8d6f55fbef403f8c', N'00affa9273e343cfa7e58952bcf8d133', N'f613c069c415453bb6da7456c02480c3', 3, N'', N'Enterprise Environmental Factors', N'Enterprise Environmental Factors')
GO
INSERT INTO [dbo].[ProcessInputs] ([Id], [CreatedAt], [UpdatedAt], [Deleted], [PmbokVersionId], [ITOId], [ProcessCatalogId], [InputSequence], [ProcessInputDescription], [ProcessInputText], [ITOText]) VALUES (N'936debcbe08946038391b83f4d2f926a', N'10/23/2018 5:10:50 PM +00:00', N'10/23/2018 5:10:50 PM +00:00', 0, N'edd7dca4d2a94c7a8d6f55fbef403f8c', N'0e04c8ac960f481ebdb71a5e3582bd7e', N'f613c069c415453bb6da7456c02480c3', 4, N'', N'Organizational Process Assets', N'Organizational Process Assets')
GO


INSERT INTO [dbo].[ProcessOutputs] ([Id], [CreatedAt], [UpdatedAt], [Deleted], [ITOId], [ProcessCatalogId], [ProcessOutputDescription], [ProcessOutputText], [ProcessOutputSequence], [PmbokVersionId], [ITOText]) VALUES (N'8da4bfe12fd84063823cb184e1d574c7', N'10/2/2018 5:03:14 PM +00:00', N'10/2/2018 5:03:14 PM +00:00', 0, N'18315f9d54944e4894a4b6fb40704960', N'a5fb15dcf7cb4a6aa1a7938f88ba96c1', N'The project charter documents the business need, current understanding of the customer''s needs and the new product, service or result that it is intended to satisfy.', N'Project Charter', 1, N'edd7dca4d2a94c7a8d6f55fbef403f8c', N'Project Charter')
GO
INSERT INTO [dbo].[ProcessOutputs] ([Id], [CreatedAt], [UpdatedAt], [Deleted], [ITOId], [ProcessCatalogId], [ProcessOutputDescription], [ProcessOutputText], [ProcessOutputSequence], [PmbokVersionId], [ITOText]) VALUES (N'7b75ae5d839544ea8c37dc022c261e36', N'10/2/2018 5:17:03 PM +00:00', N'10/2/2018 5:17:03 PM +00:00', 0, N'b4f179fdf4974055a16508720cf22812', N'a34ade8e7c8642448319d7d2ab364829', N'The project management plan integrates and consolidates all of the subsidiary management plans and baselines from the Planning Process Group.', N'Project Management Plan', 1, N'edd7dca4d2a94c7a8d6f55fbef403f8c', N'Project Management Plan')
GO
INSERT INTO [dbo].[ProcessOutputs] ([Id], [CreatedAt], [UpdatedAt], [Deleted], [ITOId], [ProcessCatalogId], [ProcessOutputDescription], [ProcessOutputText], [ProcessOutputSequence], [PmbokVersionId], [ITOText]) VALUES (N'd1a18b9a97ba43deadfa025cfa21676a', N'10/15/2018 4:25:38 PM +00:00', N'10/15/2018 4:26:01 PM +00:00', 0, N'343d504bd5334033a10993b3187de649', N'fa19e9ac35fd4136b2d032a3a44a91b0', NULL, N'Requirements Documentation', 1, N'edd7dca4d2a94c7a8d6f55fbef403f8c', N'Requirements Documentation')
GO
INSERT INTO [dbo].[ProcessOutputs] ([Id], [CreatedAt], [UpdatedAt], [Deleted], [ITOId], [ProcessCatalogId], [ProcessOutputDescription], [ProcessOutputText], [ProcessOutputSequence], [PmbokVersionId], [ITOText]) VALUES (N'6aa7013c4fe74d98af49e680c5b70a8a', N'10/15/2018 4:25:38 PM +00:00', N'10/15/2018 4:25:38 PM +00:00', 0, N'6a9fb979c97948babffe61f07bc036fb', N'fa19e9ac35fd4136b2d032a3a44a91b0', N'', N'Requirements Management Plan', 2, N'edd7dca4d2a94c7a8d6f55fbef403f8c', N'Requirements Management Plan')
GO
INSERT INTO [dbo].[ProcessOutputs] ([Id], [CreatedAt], [UpdatedAt], [Deleted], [ITOId], [ProcessCatalogId], [ProcessOutputDescription], [ProcessOutputText], [ProcessOutputSequence], [PmbokVersionId], [ITOText]) VALUES (N'26caf55f6dc54d37933127a375c16341', N'10/15/2018 4:25:39 PM +00:00', N'10/15/2018 4:25:39 PM +00:00', 0, N'8983c96fa58641b797310047a1a5e0c7', N'fa19e9ac35fd4136b2d032a3a44a91b0', N'', N'Requirements Traceability Matrix', 3, N'edd7dca4d2a94c7a8d6f55fbef403f8c', N'Requirements Traceability Matrix')
GO
INSERT INTO [dbo].[ProcessOutputs] ([Id], [CreatedAt], [UpdatedAt], [Deleted], [ITOId], [ProcessCatalogId], [ProcessOutputDescription], [ProcessOutputText], [ProcessOutputSequence], [PmbokVersionId], [ITOText]) VALUES (N'b3f66b8a182c41f8b3fdd7ecaee3c3e7', N'10/15/2018 4:29:56 PM +00:00', N'10/15/2018 4:29:56 PM +00:00', 0, N'565f0668b8434a54a47ba5376de89e28', N'531de83328b54b81872e81e3da60c194', NULL, N'Project Scope Statement', 1, N'edd7dca4d2a94c7a8d6f55fbef403f8c', N'Project Scope Statement')
GO
INSERT INTO [dbo].[ProcessOutputs] ([Id], [CreatedAt], [UpdatedAt], [Deleted], [ITOId], [ProcessCatalogId], [ProcessOutputDescription], [ProcessOutputText], [ProcessOutputSequence], [PmbokVersionId], [ITOText]) VALUES (N'36f975e68b394f8c83222852224e8813', N'10/15/2018 4:29:57 PM +00:00', N'10/15/2018 4:29:57 PM +00:00', 0, N'2c3050fe449f48fcbaf74d9499739c78', N'531de83328b54b81872e81e3da60c194', N'', N'Project Document Updates', 2, N'edd7dca4d2a94c7a8d6f55fbef403f8c', N'Project Document Updates')
GO
INSERT INTO [dbo].[ProcessOutputs] ([Id], [CreatedAt], [UpdatedAt], [Deleted], [ITOId], [ProcessCatalogId], [ProcessOutputDescription], [ProcessOutputText], [ProcessOutputSequence], [PmbokVersionId], [ITOText]) VALUES (N'b46a2e27bb254cc0a670b64f68696ecb', N'10/15/2018 4:33:15 PM +00:00', N'10/15/2018 4:33:38 PM +00:00', 0, N'593297d3c95942209bc1dc296a8b9a5b', N'59c0bef97e264aa6bafde623a8c7ab65', NULL, N'Work Breakdown Structure (WBS)', 1, N'edd7dca4d2a94c7a8d6f55fbef403f8c', N'Work Breakdown Structure (WBS)')
GO
INSERT INTO [dbo].[ProcessOutputs] ([Id], [CreatedAt], [UpdatedAt], [Deleted], [ITOId], [ProcessCatalogId], [ProcessOutputDescription], [ProcessOutputText], [ProcessOutputSequence], [PmbokVersionId], [ITOText]) VALUES (N'72e7fe44b6b74548a5d5c288e775f426', N'10/15/2018 4:33:15 PM +00:00', N'10/15/2018 4:33:15 PM +00:00', 0, N'b00bf68a1a30408eb334bfdeb66fdf46', N'59c0bef97e264aa6bafde623a8c7ab65', N'', N'Work Breakdown Structure (WBS) Dictionary', 2, N'edd7dca4d2a94c7a8d6f55fbef403f8c', N'Work Breakdown Structure (WBS) Dictionary')
GO
INSERT INTO [dbo].[ProcessOutputs] ([Id], [CreatedAt], [UpdatedAt], [Deleted], [ITOId], [ProcessCatalogId], [ProcessOutputDescription], [ProcessOutputText], [ProcessOutputSequence], [PmbokVersionId], [ITOText]) VALUES (N'3ddd98cf070e48e697d4768c9d1c7c25', N'10/15/2018 4:33:16 PM +00:00', N'10/15/2018 4:34:08 PM +00:00', 0, N'3cacf303ffe3434f8559e6ede9a5f66c', N'59c0bef97e264aa6bafde623a8c7ab65', N'', N'Scope Baseline', 3, N'edd7dca4d2a94c7a8d6f55fbef403f8c', N'Scope Baseline')
GO
INSERT INTO [dbo].[ProcessOutputs] ([Id], [CreatedAt], [UpdatedAt], [Deleted], [ITOId], [ProcessCatalogId], [ProcessOutputDescription], [ProcessOutputText], [ProcessOutputSequence], [PmbokVersionId], [ITOText]) VALUES (N'8fcb81b37bd8436ca65edcb5dc9566e7', N'10/15/2018 4:33:16 PM +00:00', N'10/15/2018 4:33:16 PM +00:00', 0, N'2c3050fe449f48fcbaf74d9499739c78', N'59c0bef97e264aa6bafde623a8c7ab65', N'', N'Project Document Updates', 4, N'edd7dca4d2a94c7a8d6f55fbef403f8c', N'Project Document Updates')
GO
INSERT INTO [dbo].[ProcessOutputs] ([Id], [CreatedAt], [UpdatedAt], [Deleted], [ITOId], [ProcessCatalogId], [ProcessOutputDescription], [ProcessOutputText], [ProcessOutputSequence], [PmbokVersionId], [ITOText]) VALUES (N'5297fc2dd4f5450784fb3fcb8e337e52', N'10/15/2018 4:44:19 PM +00:00', N'10/15/2018 4:44:38 PM +00:00', 0, N'e310353136544492b8e2cec0a8add481', N'afc084884a394d54b48c7e108685a3ee', NULL, N'Accepted Deliverables', 1, N'edd7dca4d2a94c7a8d6f55fbef403f8c', N'Accepted Deliverables')
GO
INSERT INTO [dbo].[ProcessOutputs] ([Id], [CreatedAt], [UpdatedAt], [Deleted], [ITOId], [ProcessCatalogId], [ProcessOutputDescription], [ProcessOutputText], [ProcessOutputSequence], [PmbokVersionId], [ITOText]) VALUES (N'2d9308e3f02842af89744953fb47031f', N'10/15/2018 4:44:20 PM +00:00', N'10/15/2018 4:44:20 PM +00:00', 0, N'3385bac2e2e9424dbeaebed6408c66ff', N'afc084884a394d54b48c7e108685a3ee', N'', N'Change Requests', 2, N'edd7dca4d2a94c7a8d6f55fbef403f8c', N'Change Requests')
GO
INSERT INTO [dbo].[ProcessOutputs] ([Id], [CreatedAt], [UpdatedAt], [Deleted], [ITOId], [ProcessCatalogId], [ProcessOutputDescription], [ProcessOutputText], [ProcessOutputSequence], [PmbokVersionId], [ITOText]) VALUES (N'd33ddfb6b05644028389778bb12a5731', N'10/15/2018 4:44:20 PM +00:00', N'10/15/2018 4:44:20 PM +00:00', 0, N'2c3050fe449f48fcbaf74d9499739c78', N'afc084884a394d54b48c7e108685a3ee', N'', N'Project Document Updates', 3, N'edd7dca4d2a94c7a8d6f55fbef403f8c', N'Project Document Updates')
GO
INSERT INTO [dbo].[ProcessOutputs] ([Id], [CreatedAt], [UpdatedAt], [Deleted], [ITOId], [ProcessCatalogId], [ProcessOutputDescription], [ProcessOutputText], [ProcessOutputSequence], [PmbokVersionId], [ITOText]) VALUES (N'e64243ab7fa847be8f5f27fa2424ff85', N'10/15/2018 4:48:12 PM +00:00', N'10/15/2018 4:48:12 PM +00:00', 0, N'1294fc268b2d4b6f988dd694f32cc64c', N'7f2f2c7260e64d298fc23ef6ded53fa8', NULL, N'Work Performance Measurements', 1, N'edd7dca4d2a94c7a8d6f55fbef403f8c', N'Work Performance Measurements')
GO
INSERT INTO [dbo].[ProcessOutputs] ([Id], [CreatedAt], [UpdatedAt], [Deleted], [ITOId], [ProcessCatalogId], [ProcessOutputDescription], [ProcessOutputText], [ProcessOutputSequence], [PmbokVersionId], [ITOText]) VALUES (N'35f2a934b5ef4110ab6285fff0e60876', N'10/15/2018 4:48:12 PM +00:00', N'10/15/2018 4:48:54 PM +00:00', 0, N'0e04c8ac960f481ebdb71a5e3582bd7e', N'7f2f2c7260e64d298fc23ef6ded53fa8', N'', N'Organizational Process Assets', 2, N'edd7dca4d2a94c7a8d6f55fbef403f8c', N'Organizational Process Assets')
GO
INSERT INTO [dbo].[ProcessOutputs] ([Id], [CreatedAt], [UpdatedAt], [Deleted], [ITOId], [ProcessCatalogId], [ProcessOutputDescription], [ProcessOutputText], [ProcessOutputSequence], [PmbokVersionId], [ITOText]) VALUES (N'f266cb2afab34bf787a74373e10ef6d1', N'10/15/2018 4:48:12 PM +00:00', N'10/15/2018 4:48:12 PM +00:00', 0, N'3385bac2e2e9424dbeaebed6408c66ff', N'7f2f2c7260e64d298fc23ef6ded53fa8', N'', N'Change Requests', 3, N'edd7dca4d2a94c7a8d6f55fbef403f8c', N'Change Requests')
GO
INSERT INTO [dbo].[ProcessOutputs] ([Id], [CreatedAt], [UpdatedAt], [Deleted], [ITOId], [ProcessCatalogId], [ProcessOutputDescription], [ProcessOutputText], [ProcessOutputSequence], [PmbokVersionId], [ITOText]) VALUES (N'3db1e11c3cee4226954cc8d905e5e94d', N'10/15/2018 4:48:13 PM +00:00', N'10/15/2018 4:48:13 PM +00:00', 0, N'281ffd2356314e5ca493b5c5621caf5d', N'7f2f2c7260e64d298fc23ef6ded53fa8', N'', N'Project Management Plan Updates', 4, N'edd7dca4d2a94c7a8d6f55fbef403f8c', N'Project Management Plan Updates')
GO
INSERT INTO [dbo].[ProcessOutputs] ([Id], [CreatedAt], [UpdatedAt], [Deleted], [ITOId], [ProcessCatalogId], [ProcessOutputDescription], [ProcessOutputText], [ProcessOutputSequence], [PmbokVersionId], [ITOText]) VALUES (N'69f95d44c5e140fa878c02d381d233a9', N'10/15/2018 4:48:13 PM +00:00', N'10/15/2018 4:48:13 PM +00:00', 0, N'2c3050fe449f48fcbaf74d9499739c78', N'7f2f2c7260e64d298fc23ef6ded53fa8', N'', N'Project Document Updates', 5, N'edd7dca4d2a94c7a8d6f55fbef403f8c', N'Project Document Updates')
GO
INSERT INTO [dbo].[ProcessOutputs] ([Id], [CreatedAt], [UpdatedAt], [Deleted], [ITOId], [ProcessCatalogId], [ProcessOutputDescription], [ProcessOutputText], [ProcessOutputSequence], [PmbokVersionId], [ITOText]) VALUES (N'fd7f2c2d718f4a95830f34e772ade453', N'10/23/2018 4:15:37 PM +00:00', N'10/23/2018 4:15:37 PM +00:00', 0, N'7f9b3e3a906d4649b32bfecdf7087a82', N'a26f97c2a68b4a778d8fa44e47fceecd', NULL, N'Deliverables', 1, N'edd7dca4d2a94c7a8d6f55fbef403f8c', N'Deliverables')
GO
INSERT INTO [dbo].[ProcessOutputs] ([Id], [CreatedAt], [UpdatedAt], [Deleted], [ITOId], [ProcessCatalogId], [ProcessOutputDescription], [ProcessOutputText], [ProcessOutputSequence], [PmbokVersionId], [ITOText]) VALUES (N'ad4b8f681aac46b7bc9046187b5fda46', N'10/23/2018 4:15:38 PM +00:00', N'10/23/2018 4:15:38 PM +00:00', 0, N'e4db71f03ee940349786e7711de64e74', N'a26f97c2a68b4a778d8fa44e47fceecd', N'', N'Work Performance Information', 2, N'edd7dca4d2a94c7a8d6f55fbef403f8c', N'Work Performance Information')
GO
INSERT INTO [dbo].[ProcessOutputs] ([Id], [CreatedAt], [UpdatedAt], [Deleted], [ITOId], [ProcessCatalogId], [ProcessOutputDescription], [ProcessOutputText], [ProcessOutputSequence], [PmbokVersionId], [ITOText]) VALUES (N'cd9801aa432a48239fb454ab70f6fbba', N'10/23/2018 4:15:38 PM +00:00', N'10/23/2018 4:15:38 PM +00:00', 0, N'3385bac2e2e9424dbeaebed6408c66ff', N'a26f97c2a68b4a778d8fa44e47fceecd', N'', N'Change Requests', 3, N'edd7dca4d2a94c7a8d6f55fbef403f8c', N'Change Requests')
GO
INSERT INTO [dbo].[ProcessOutputs] ([Id], [CreatedAt], [UpdatedAt], [Deleted], [ITOId], [ProcessCatalogId], [ProcessOutputDescription], [ProcessOutputText], [ProcessOutputSequence], [PmbokVersionId], [ITOText]) VALUES (N'4537f07cf5b640bb888c4baa68c273f6', N'10/23/2018 4:15:38 PM +00:00', N'10/23/2018 4:15:38 PM +00:00', 0, N'281ffd2356314e5ca493b5c5621caf5d', N'a26f97c2a68b4a778d8fa44e47fceecd', N'', N'Project Management Plan Updates', 4, N'edd7dca4d2a94c7a8d6f55fbef403f8c', N'Project Management Plan Updates')
GO
INSERT INTO [dbo].[ProcessOutputs] ([Id], [CreatedAt], [UpdatedAt], [Deleted], [ITOId], [ProcessCatalogId], [ProcessOutputDescription], [ProcessOutputText], [ProcessOutputSequence], [PmbokVersionId], [ITOText]) VALUES (N'd8f8cf8a53194260a73532e9bcd4e84f', N'10/23/2018 4:15:39 PM +00:00', N'10/23/2018 4:15:39 PM +00:00', 0, N'2c3050fe449f48fcbaf74d9499739c78', N'a26f97c2a68b4a778d8fa44e47fceecd', N'', N'Project Document Updates', 5, N'edd7dca4d2a94c7a8d6f55fbef403f8c', N'Project Document Updates')
GO
INSERT INTO [dbo].[ProcessOutputs] ([Id], [CreatedAt], [UpdatedAt], [Deleted], [ITOId], [ProcessCatalogId], [ProcessOutputDescription], [ProcessOutputText], [ProcessOutputSequence], [PmbokVersionId], [ITOText]) VALUES (N'bd1850f1f25e4974bd5d78080a16ad81', N'10/23/2018 4:19:07 PM +00:00', N'10/23/2018 4:19:07 PM +00:00', 0, N'3385bac2e2e9424dbeaebed6408c66ff', N'aa18e3fa8fc1400d9ed6badefbf5c324', NULL, N'Change Requests', 1, N'edd7dca4d2a94c7a8d6f55fbef403f8c', N'Change Requests')
GO
INSERT INTO [dbo].[ProcessOutputs] ([Id], [CreatedAt], [UpdatedAt], [Deleted], [ITOId], [ProcessCatalogId], [ProcessOutputDescription], [ProcessOutputText], [ProcessOutputSequence], [PmbokVersionId], [ITOText]) VALUES (N'4b211b90a15146fd842a5bbf667d20b8', N'10/23/2018 4:19:08 PM +00:00', N'10/23/2018 4:19:08 PM +00:00', 0, N'281ffd2356314e5ca493b5c5621caf5d', N'aa18e3fa8fc1400d9ed6badefbf5c324', N'', N'Project Management Plan Updates', 2, N'edd7dca4d2a94c7a8d6f55fbef403f8c', N'Project Management Plan Updates')
GO
INSERT INTO [dbo].[ProcessOutputs] ([Id], [CreatedAt], [UpdatedAt], [Deleted], [ITOId], [ProcessCatalogId], [ProcessOutputDescription], [ProcessOutputText], [ProcessOutputSequence], [PmbokVersionId], [ITOText]) VALUES (N'd4092f65955d4ce2bf2cd9ffb9b85781', N'10/23/2018 4:19:08 PM +00:00', N'10/23/2018 4:19:08 PM +00:00', 0, N'2c3050fe449f48fcbaf74d9499739c78', N'aa18e3fa8fc1400d9ed6badefbf5c324', N'', N'Project Document Updates', 3, N'edd7dca4d2a94c7a8d6f55fbef403f8c', N'Project Document Updates')
GO
INSERT INTO [dbo].[ProcessOutputs] ([Id], [CreatedAt], [UpdatedAt], [Deleted], [ITOId], [ProcessCatalogId], [ProcessOutputDescription], [ProcessOutputText], [ProcessOutputSequence], [PmbokVersionId], [ITOText]) VALUES (N'9fdd409fa4b547dfa8f00778f185004d', N'10/23/2018 4:22:00 PM +00:00', N'10/23/2018 4:22:00 PM +00:00', 0, N'12fd06e0544f4013acf8ca043e0652cc', N'555a7bbfa974452e95ff29b97359d1a3', NULL, N'Change Request Status Updates', 1, N'edd7dca4d2a94c7a8d6f55fbef403f8c', N'Change Request Status Updates')
GO
INSERT INTO [dbo].[ProcessOutputs] ([Id], [CreatedAt], [UpdatedAt], [Deleted], [ITOId], [ProcessCatalogId], [ProcessOutputDescription], [ProcessOutputText], [ProcessOutputSequence], [PmbokVersionId], [ITOText]) VALUES (N'962eadf135a944e6b5242df9697696ce', N'10/23/2018 4:22:00 PM +00:00', N'10/23/2018 4:22:00 PM +00:00', 0, N'281ffd2356314e5ca493b5c5621caf5d', N'555a7bbfa974452e95ff29b97359d1a3', N'', N'Project Management Plan Updates', 2, N'edd7dca4d2a94c7a8d6f55fbef403f8c', N'Project Management Plan Updates')
GO
INSERT INTO [dbo].[ProcessOutputs] ([Id], [CreatedAt], [UpdatedAt], [Deleted], [ITOId], [ProcessCatalogId], [ProcessOutputDescription], [ProcessOutputText], [ProcessOutputSequence], [PmbokVersionId], [ITOText]) VALUES (N'5586203bd9b34b5080cee52acde12aa7', N'10/23/2018 4:22:00 PM +00:00', N'10/23/2018 4:22:00 PM +00:00', 0, N'2c3050fe449f48fcbaf74d9499739c78', N'555a7bbfa974452e95ff29b97359d1a3', N'', N'Project Document Updates', 3, N'edd7dca4d2a94c7a8d6f55fbef403f8c', N'Project Document Updates')
GO
INSERT INTO [dbo].[ProcessOutputs] ([Id], [CreatedAt], [UpdatedAt], [Deleted], [ITOId], [ProcessCatalogId], [ProcessOutputDescription], [ProcessOutputText], [ProcessOutputSequence], [PmbokVersionId], [ITOText]) VALUES (N'4fcdabe9696545b393923b2a924c9be6', N'10/23/2018 4:28:16 PM +00:00', N'10/23/2018 4:28:16 PM +00:00', 0, N'3bce2bfa962340bfbe086cd023c0f47c', N'94fe0012bf684714a2ca99a78a1a027a', NULL, N'Final Product Service or Result Transition', 1, N'edd7dca4d2a94c7a8d6f55fbef403f8c', N'Final Product Service or Result Transition')
GO
INSERT INTO [dbo].[ProcessOutputs] ([Id], [CreatedAt], [UpdatedAt], [Deleted], [ITOId], [ProcessCatalogId], [ProcessOutputDescription], [ProcessOutputText], [ProcessOutputSequence], [PmbokVersionId], [ITOText]) VALUES (N'ff01799659ae41d8a081c1777832eee2', N'10/23/2018 4:28:16 PM +00:00', N'10/23/2018 4:28:16 PM +00:00', 0, N'0e04c8ac960f481ebdb71a5e3582bd7e', N'94fe0012bf684714a2ca99a78a1a027a', N'', N'Organizational Process Assets', 2, N'edd7dca4d2a94c7a8d6f55fbef403f8c', N'Organizational Process Assets')
GO
INSERT INTO [dbo].[ProcessOutputs] ([Id], [CreatedAt], [UpdatedAt], [Deleted], [ITOId], [ProcessCatalogId], [ProcessOutputDescription], [ProcessOutputText], [ProcessOutputSequence], [PmbokVersionId], [ITOText]) VALUES (N'0e10c3b4ccf74343afb139b1540fc41e', N'10/23/2018 5:14:06 PM +00:00', N'10/23/2018 5:14:06 PM +00:00', 0, N'5b4dca31bc124d7ead527e25bd13e8dd', N'f613c069c415453bb6da7456c02480c3', NULL, N'Stakeholder Register', 1, N'edd7dca4d2a94c7a8d6f55fbef403f8c', N'Stakeholder Register')
GO
INSERT INTO [dbo].[ProcessOutputs] ([Id], [CreatedAt], [UpdatedAt], [Deleted], [ITOId], [ProcessCatalogId], [ProcessOutputDescription], [ProcessOutputText], [ProcessOutputSequence], [PmbokVersionId], [ITOText]) VALUES (N'0b27d02d5d824e9b8364f3b4cc6833f8', N'10/23/2018 5:14:06 PM +00:00', N'10/23/2018 5:14:06 PM +00:00', 0, N'c5f503395461459eb14656e041db511b', N'f613c069c415453bb6da7456c02480c3', N'', N'Stakeholder Management Strategy', 2, N'edd7dca4d2a94c7a8d6f55fbef403f8c', N'Stakeholder Management Strategy')
GO


INSERT INTO [dbo].[ProcessTools] ([Id], [CreatedAt], [UpdatedAt], [Deleted], [ITOId], [ProcessCatalogId], [ProcessToolDescription], [ProcessToolText], [ProcessToolSequence], [PmbokVersionId], [ITOText]) VALUES (N'284649be139849a6bf571b5dff4dce6a', N'10/2/2018 2:31:32 PM +00:00', N'10/2/2018 2:31:32 PM +00:00', 0, N'8845fa212ac24427b31a18e2e2988c9b', N'a5fb15dcf7cb4a6aa1a7938f88ba96c1', N'Expert judgement is often used to develop the project charter.', N'Expert Judgement', 1, N'edd7dca4d2a94c7a8d6f55fbef403f8c', N'Expert Judgement')
GO
INSERT INTO [dbo].[ProcessTools] ([Id], [CreatedAt], [UpdatedAt], [Deleted], [ITOId], [ProcessCatalogId], [ProcessToolDescription], [ProcessToolText], [ProcessToolSequence], [PmbokVersionId], [ITOText]) VALUES (N'310d90f7c99d4185901b68dc3c7888dc', N'10/2/2018 5:15:32 PM +00:00', N'10/2/2018 5:15:32 PM +00:00', 0, N'8845fa212ac24427b31a18e2e2988c9b', N'a34ade8e7c8642448319d7d2ab364829', N'Expert judgement used to Develop the Project Management Plan.', N'Expert Judgement', 1, N'edd7dca4d2a94c7a8d6f55fbef403f8c', N'Expert Judgement')
GO
INSERT INTO [dbo].[ProcessTools] ([Id], [CreatedAt], [UpdatedAt], [Deleted], [ITOId], [ProcessCatalogId], [ProcessToolDescription], [ProcessToolText], [ProcessToolSequence], [PmbokVersionId], [ITOText]) VALUES (N'16a01ce3525144e1a3a1b3dbc02aaf2e', N'10/15/2018 4:17:15 PM +00:00', N'10/15/2018 4:17:16 PM +00:00', 0, N'b95a9cb78b21431294bfbaef106d1194', N'fa19e9ac35fd4136b2d032a3a44a91b0', NULL, N'Interviews', 1, N'edd7dca4d2a94c7a8d6f55fbef403f8c', N'Interviews')
GO
INSERT INTO [dbo].[ProcessTools] ([Id], [CreatedAt], [UpdatedAt], [Deleted], [ITOId], [ProcessCatalogId], [ProcessToolDescription], [ProcessToolText], [ProcessToolSequence], [PmbokVersionId], [ITOText]) VALUES (N'71645c99a654409d92b7fe1f8aa1b14e', N'10/15/2018 4:17:16 PM +00:00', N'10/15/2018 4:17:16 PM +00:00', 0, N'6b4df66df24e4ec396196290b1e14abb', N'fa19e9ac35fd4136b2d032a3a44a91b0', N'', N'Focus Groups', 2, N'edd7dca4d2a94c7a8d6f55fbef403f8c', N'Focus Groups')
GO
INSERT INTO [dbo].[ProcessTools] ([Id], [CreatedAt], [UpdatedAt], [Deleted], [ITOId], [ProcessCatalogId], [ProcessToolDescription], [ProcessToolText], [ProcessToolSequence], [PmbokVersionId], [ITOText]) VALUES (N'6b3f368ac1a34b4e9505512c69284ea6', N'10/15/2018 4:17:16 PM +00:00', N'10/15/2018 4:17:16 PM +00:00', 0, N'c3dff0cb88204944a53188094d2fd979', N'fa19e9ac35fd4136b2d032a3a44a91b0', N'', N'Facilitated Workshops', 3, N'edd7dca4d2a94c7a8d6f55fbef403f8c', N'Facilitated Workshops')
GO
INSERT INTO [dbo].[ProcessTools] ([Id], [CreatedAt], [UpdatedAt], [Deleted], [ITOId], [ProcessCatalogId], [ProcessToolDescription], [ProcessToolText], [ProcessToolSequence], [PmbokVersionId], [ITOText]) VALUES (N'8fa2f4f506744f769c449bfe0be8ac0f', N'10/15/2018 4:17:17 PM +00:00', N'10/15/2018 4:17:17 PM +00:00', 0, N'431e813acd08421492f8600fd6bd0c52', N'fa19e9ac35fd4136b2d032a3a44a91b0', N'', N'Group Creativity Techniques', 4, N'edd7dca4d2a94c7a8d6f55fbef403f8c', N'Group Creativity Techniques')
GO
INSERT INTO [dbo].[ProcessTools] ([Id], [CreatedAt], [UpdatedAt], [Deleted], [ITOId], [ProcessCatalogId], [ProcessToolDescription], [ProcessToolText], [ProcessToolSequence], [PmbokVersionId], [ITOText]) VALUES (N'd8459c25ef2d44d09bde0565e7f522d4', N'10/15/2018 4:24:22 PM +00:00', N'10/15/2018 4:24:22 PM +00:00', 0, N'df1816737edc42e9b01798bb5c1c5b80', N'fa19e9ac35fd4136b2d032a3a44a91b0', NULL, N'Group Decision Making Techniques', 5, N'edd7dca4d2a94c7a8d6f55fbef403f8c', N'Group Decision Making Techniques')
GO
INSERT INTO [dbo].[ProcessTools] ([Id], [CreatedAt], [UpdatedAt], [Deleted], [ITOId], [ProcessCatalogId], [ProcessToolDescription], [ProcessToolText], [ProcessToolSequence], [PmbokVersionId], [ITOText]) VALUES (N'46623fb5493046e2a77b34d1afbe97cb', N'10/15/2018 4:24:22 PM +00:00', N'10/15/2018 4:24:22 PM +00:00', 0, N'a641eca5fec244c6babee15fd0c1dbaf', N'fa19e9ac35fd4136b2d032a3a44a91b0', N'', N'Questionnaire and Surveys', 6, N'edd7dca4d2a94c7a8d6f55fbef403f8c', N'Questionnaire and Surveys')
GO
INSERT INTO [dbo].[ProcessTools] ([Id], [CreatedAt], [UpdatedAt], [Deleted], [ITOId], [ProcessCatalogId], [ProcessToolDescription], [ProcessToolText], [ProcessToolSequence], [PmbokVersionId], [ITOText]) VALUES (N'cc851102943440c8b358110f0998490e', N'10/15/2018 4:24:23 PM +00:00', N'10/15/2018 4:24:23 PM +00:00', 0, N'9430e2ab77984f21a3f44acc80ae35e1', N'fa19e9ac35fd4136b2d032a3a44a91b0', N'', N'Observations', 7, N'edd7dca4d2a94c7a8d6f55fbef403f8c', N'Observations')
GO
INSERT INTO [dbo].[ProcessTools] ([Id], [CreatedAt], [UpdatedAt], [Deleted], [ITOId], [ProcessCatalogId], [ProcessToolDescription], [ProcessToolText], [ProcessToolSequence], [PmbokVersionId], [ITOText]) VALUES (N'581fa1eeecca4700935625de2e6fd93b', N'10/15/2018 4:24:23 PM +00:00', N'10/15/2018 4:24:23 PM +00:00', 0, N'6189525aa6644043a30b231e7509c1e3', N'fa19e9ac35fd4136b2d032a3a44a91b0', N'', N'Prototype', 8, N'edd7dca4d2a94c7a8d6f55fbef403f8c', N'Prototype')
GO
INSERT INTO [dbo].[ProcessTools] ([Id], [CreatedAt], [UpdatedAt], [Deleted], [ITOId], [ProcessCatalogId], [ProcessToolDescription], [ProcessToolText], [ProcessToolSequence], [PmbokVersionId], [ITOText]) VALUES (N'4e5555d1fb064d8f987e4b6212445cc2', N'10/15/2018 4:29:11 PM +00:00', N'10/15/2018 4:29:11 PM +00:00', 0, N'8845fa212ac24427b31a18e2e2988c9b', N'531de83328b54b81872e81e3da60c194', NULL, N'Expert Judgement', 1, N'edd7dca4d2a94c7a8d6f55fbef403f8c', N'Expert Judgement')
GO
INSERT INTO [dbo].[ProcessTools] ([Id], [CreatedAt], [UpdatedAt], [Deleted], [ITOId], [ProcessCatalogId], [ProcessToolDescription], [ProcessToolText], [ProcessToolSequence], [PmbokVersionId], [ITOText]) VALUES (N'3010c563529f41d3b489c3451fe73b88', N'10/15/2018 4:29:11 PM +00:00', N'10/15/2018 4:29:11 PM +00:00', 0, N'a82e6893ed044040b930d52524113dbf', N'531de83328b54b81872e81e3da60c194', N'', N'Product Analysis', 2, N'edd7dca4d2a94c7a8d6f55fbef403f8c', N'Product Analysis')
GO
INSERT INTO [dbo].[ProcessTools] ([Id], [CreatedAt], [UpdatedAt], [Deleted], [ITOId], [ProcessCatalogId], [ProcessToolDescription], [ProcessToolText], [ProcessToolSequence], [PmbokVersionId], [ITOText]) VALUES (N'697c717a5b124a408cc833890a48f7a5', N'10/15/2018 4:29:12 PM +00:00', N'10/15/2018 4:29:12 PM +00:00', 0, N'1c2754d5ef5043f79cd0e55c26dd017b', N'531de83328b54b81872e81e3da60c194', N'', N'Alternatives Identification', 3, N'edd7dca4d2a94c7a8d6f55fbef403f8c', N'Alternatives Identification')
GO
INSERT INTO [dbo].[ProcessTools] ([Id], [CreatedAt], [UpdatedAt], [Deleted], [ITOId], [ProcessCatalogId], [ProcessToolDescription], [ProcessToolText], [ProcessToolSequence], [PmbokVersionId], [ITOText]) VALUES (N'f89c952dc6ba41f6b471b58aef43b7c1', N'10/15/2018 4:29:12 PM +00:00', N'10/15/2018 4:29:12 PM +00:00', 0, N'c3dff0cb88204944a53188094d2fd979', N'531de83328b54b81872e81e3da60c194', N'', N'Facilitated Workshops', 4, N'edd7dca4d2a94c7a8d6f55fbef403f8c', N'Facilitated Workshops')
GO
INSERT INTO [dbo].[ProcessTools] ([Id], [CreatedAt], [UpdatedAt], [Deleted], [ITOId], [ProcessCatalogId], [ProcessToolDescription], [ProcessToolText], [ProcessToolSequence], [PmbokVersionId], [ITOText]) VALUES (N'715f04ff3a384100ba245ec22ad4501a', N'10/15/2018 4:32:13 PM +00:00', N'10/15/2018 4:32:13 PM +00:00', 0, N'c0fa05a4ea4a4dc287a7706912dc2703', N'59c0bef97e264aa6bafde623a8c7ab65', NULL, N'Decomposition', 1, N'edd7dca4d2a94c7a8d6f55fbef403f8c', N'Decomposition')
GO
INSERT INTO [dbo].[ProcessTools] ([Id], [CreatedAt], [UpdatedAt], [Deleted], [ITOId], [ProcessCatalogId], [ProcessToolDescription], [ProcessToolText], [ProcessToolSequence], [PmbokVersionId], [ITOText]) VALUES (N'1e6852bca4624c54a82bd749f9bae9d7', N'10/15/2018 4:43:32 PM +00:00', N'10/15/2018 4:43:32 PM +00:00', 0, N'd44c95dcbd5a4e84956c3069fbeb8689', N'afc084884a394d54b48c7e108685a3ee', NULL, N'Inspection', 1, N'edd7dca4d2a94c7a8d6f55fbef403f8c', N'Inspection')
GO
INSERT INTO [dbo].[ProcessTools] ([Id], [CreatedAt], [UpdatedAt], [Deleted], [ITOId], [ProcessCatalogId], [ProcessToolDescription], [ProcessToolText], [ProcessToolSequence], [PmbokVersionId], [ITOText]) VALUES (N'1552582d532f4cd79c57b51454ad5e3b', N'10/15/2018 4:46:56 PM +00:00', N'10/15/2018 4:46:56 PM +00:00', 0, N'a7f563495b264b7a9bdc54df99ed5ced', N'7f2f2c7260e64d298fc23ef6ded53fa8', NULL, N'Variance Analysis', 1, N'edd7dca4d2a94c7a8d6f55fbef403f8c', N'Variance Analysis')
GO
INSERT INTO [dbo].[ProcessTools] ([Id], [CreatedAt], [UpdatedAt], [Deleted], [ITOId], [ProcessCatalogId], [ProcessToolDescription], [ProcessToolText], [ProcessToolSequence], [PmbokVersionId], [ITOText]) VALUES (N'56e2f45a34fc46769e824c8c973a220a', N'10/23/2018 4:13:47 PM +00:00', N'10/23/2018 4:13:47 PM +00:00', 0, N'8845fa212ac24427b31a18e2e2988c9b', N'a26f97c2a68b4a778d8fa44e47fceecd', NULL, N'Expert Judgement', 1, N'edd7dca4d2a94c7a8d6f55fbef403f8c', N'Expert Judgement')
GO
INSERT INTO [dbo].[ProcessTools] ([Id], [CreatedAt], [UpdatedAt], [Deleted], [ITOId], [ProcessCatalogId], [ProcessToolDescription], [ProcessToolText], [ProcessToolSequence], [PmbokVersionId], [ITOText]) VALUES (N'b1a7bd1cdc854e1888aaa136a1c2e633', N'10/23/2018 4:13:48 PM +00:00', N'10/23/2018 4:13:48 PM +00:00', 0, N'5f648635b2fe435aaa34a840f08f25ba', N'a26f97c2a68b4a778d8fa44e47fceecd', N'', N'Project Management Information System', 2, N'edd7dca4d2a94c7a8d6f55fbef403f8c', N'Project Management Information System')
GO
INSERT INTO [dbo].[ProcessTools] ([Id], [CreatedAt], [UpdatedAt], [Deleted], [ITOId], [ProcessCatalogId], [ProcessToolDescription], [ProcessToolText], [ProcessToolSequence], [PmbokVersionId], [ITOText]) VALUES (N'ef341a06385144aca714ea08b3aef55c', N'10/23/2018 4:18:22 PM +00:00', N'10/23/2018 4:18:22 PM +00:00', 0, N'8845fa212ac24427b31a18e2e2988c9b', N'aa18e3fa8fc1400d9ed6badefbf5c324', NULL, N'Expert Judgement', 1, N'edd7dca4d2a94c7a8d6f55fbef403f8c', N'Expert Judgement')
GO
INSERT INTO [dbo].[ProcessTools] ([Id], [CreatedAt], [UpdatedAt], [Deleted], [ITOId], [ProcessCatalogId], [ProcessToolDescription], [ProcessToolText], [ProcessToolSequence], [PmbokVersionId], [ITOText]) VALUES (N'c49b247898fa4206852270a61184a8bb', N'10/23/2018 4:21:08 PM +00:00', N'10/23/2018 4:21:08 PM +00:00', 0, N'8845fa212ac24427b31a18e2e2988c9b', N'555a7bbfa974452e95ff29b97359d1a3', NULL, N'Expert Judgement', 1, N'edd7dca4d2a94c7a8d6f55fbef403f8c', N'Expert Judgement')
GO
INSERT INTO [dbo].[ProcessTools] ([Id], [CreatedAt], [UpdatedAt], [Deleted], [ITOId], [ProcessCatalogId], [ProcessToolDescription], [ProcessToolText], [ProcessToolSequence], [PmbokVersionId], [ITOText]) VALUES (N'5085449fa0f748b88885006d71f60dd0', N'10/23/2018 4:21:08 PM +00:00', N'10/23/2018 4:21:08 PM +00:00', 0, N'fa8b9a750d0b4522937345a693b1cf76', N'555a7bbfa974452e95ff29b97359d1a3', N'', N'Change Control Meetings', 2, N'edd7dca4d2a94c7a8d6f55fbef403f8c', N'Change Control Meetings')
GO
INSERT INTO [dbo].[ProcessTools] ([Id], [CreatedAt], [UpdatedAt], [Deleted], [ITOId], [ProcessCatalogId], [ProcessToolDescription], [ProcessToolText], [ProcessToolSequence], [PmbokVersionId], [ITOText]) VALUES (N'677266e346ed4f5f829fdd7c74e00671', N'10/23/2018 4:23:10 PM +00:00', N'10/23/2018 4:23:10 PM +00:00', 0, N'8845fa212ac24427b31a18e2e2988c9b', N'94fe0012bf684714a2ca99a78a1a027a', NULL, N'Expert Judgement', 1, N'edd7dca4d2a94c7a8d6f55fbef403f8c', N'Expert Judgement')
GO
INSERT INTO [dbo].[ProcessTools] ([Id], [CreatedAt], [UpdatedAt], [Deleted], [ITOId], [ProcessCatalogId], [ProcessToolDescription], [ProcessToolText], [ProcessToolSequence], [PmbokVersionId], [ITOText]) VALUES (N'7742f1068f81495383e878a56e45b244', N'10/23/2018 5:13:36 PM +00:00', N'10/23/2018 5:13:36 PM +00:00', 0, N'edd19bb076a6421181eaab2664fa4c31', N'f613c069c415453bb6da7456c02480c3', NULL, N'Stakeholder Analysis', 1, N'edd7dca4d2a94c7a8d6f55fbef403f8c', N'Stakeholder Analysis')
GO
INSERT INTO [dbo].[ProcessTools] ([Id], [CreatedAt], [UpdatedAt], [Deleted], [ITOId], [ProcessCatalogId], [ProcessToolDescription], [ProcessToolText], [ProcessToolSequence], [PmbokVersionId], [ITOText]) VALUES (N'408d02a5b6c34dedb15d670691fd9297', N'10/23/2018 5:13:36 PM +00:00', N'10/23/2018 5:13:36 PM +00:00', 0, N'8845fa212ac24427b31a18e2e2988c9b', N'f613c069c415453bb6da7456c02480c3', N'', N'Expert Judgement', 2, N'edd7dca4d2a94c7a8d6f55fbef403f8c', N'Expert Judgement')
GO

INSERT INTO [dbo].[Topics] ([Id], [CreatedAt], [UpdatedAt], [Deleted], [TopicDescription], [TopicText], [PmbokVersionId]) VALUES (N'0ff49052ec8e428584a77a468bb55f96', N'9/26/2018 4:13:51 PM +00:00', N'9/26/2018 4:13:51 PM +00:00', 0, N'An organizational Business Need may be based on market demand, technology advance, legal requirement or government regulation.', N'Business Need', N'edd7dca4d2a94c7a8d6f55fbef403f8c')
GO
INSERT INTO [dbo].[Topics] ([Id], [CreatedAt], [UpdatedAt], [Deleted], [TopicDescription], [TopicText], [PmbokVersionId]) VALUES (N'3ab31c85a25540cd9a912041278a9808', N'9/26/2018 4:13:51 PM +00:00', N'9/26/2018 4:13:51 PM +00:00', 0, N'This documents the characteristics of the product that the project will be undertaken to create.', N'Product Scope Description', N'edd7dca4d2a94c7a8d6f55fbef403f8c')
GO
INSERT INTO [dbo].[Topics] ([Id], [CreatedAt], [UpdatedAt], [Deleted], [TopicDescription], [TopicText], [PmbokVersionId]) VALUES (N'd70dfb41d48c485eb7d0d10cde631ba3', N'9/26/2018 4:13:52 PM +00:00', N'9/26/2018 4:13:52 PM +00:00', 0, N'The Strategic Plan documents the organizations strategic goals.', N'Strategic Plan', N'edd7dca4d2a94c7a8d6f55fbef403f8c')
GO
INSERT INTO [dbo].[Topics] ([Id], [CreatedAt], [UpdatedAt], [Deleted], [TopicDescription], [TopicText], [PmbokVersionId]) VALUES (N'c66ca768e24d4e84ba6ed1182754cd11', N'10/2/2018 7:01:19 PM +00:00', N'10/2/2018 7:01:19 PM +00:00', 0, N'Demands faced by an organization as a result of competitors or customers.', N'Market Demand', N'edd7dca4d2a94c7a8d6f55fbef403f8c')
GO
INSERT INTO [dbo].[Topics] ([Id], [CreatedAt], [UpdatedAt], [Deleted], [TopicDescription], [TopicText], [PmbokVersionId]) VALUES (N'ef731b6100a04e4fb51c20f823b06487', N'10/2/2018 7:01:19 PM +00:00', N'10/2/2018 7:01:19 PM +00:00', 0, N'A need arising from improving an organization.', N'Organizational Need', N'edd7dca4d2a94c7a8d6f55fbef403f8c')
GO
INSERT INTO [dbo].[Topics] ([Id], [CreatedAt], [UpdatedAt], [Deleted], [TopicDescription], [TopicText], [PmbokVersionId]) VALUES (N'07c36ec085e4456892bc5175c3392c10', N'10/2/2018 7:01:20 PM +00:00', N'10/2/2018 7:01:20 PM +00:00', 0, N'Projects or results driven by the needs of the customer.', N'Customer Request', N'edd7dca4d2a94c7a8d6f55fbef403f8c')
GO
INSERT INTO [dbo].[Topics] ([Id], [CreatedAt], [UpdatedAt], [Deleted], [TopicDescription], [TopicText], [PmbokVersionId]) VALUES (N'df5b89610e3c4b4eb80e2df33d65587f', N'10/2/2018 7:01:20 PM +00:00', N'10/2/2018 7:01:20 PM +00:00', 0, N'Technological advancements that may improve a product or service offered.', N'Technological Advance', N'edd7dca4d2a94c7a8d6f55fbef403f8c')
GO
INSERT INTO [dbo].[Topics] ([Id], [CreatedAt], [UpdatedAt], [Deleted], [TopicDescription], [TopicText], [PmbokVersionId]) VALUES (N'9771be14474840ab805720935abc401e', N'10/2/2018 7:01:21 PM +00:00', N'10/2/2018 7:01:21 PM +00:00', 0, N'A requirement as prescribed by law which may impact a product or service.', N'Legal Requirement', N'edd7dca4d2a94c7a8d6f55fbef403f8c')
GO
INSERT INTO [dbo].[Topics] ([Id], [CreatedAt], [UpdatedAt], [Deleted], [TopicDescription], [TopicText], [PmbokVersionId]) VALUES (N'6db98159062b435892c440072db00794', N'10/2/2018 7:01:21 PM +00:00', N'10/2/2018 7:01:21 PM +00:00', 0, N'An undertaking to change or improve a product''s or service''s impact on the ecology.', N'Ecological Impacts', N'edd7dca4d2a94c7a8d6f55fbef403f8c')
GO
INSERT INTO [dbo].[Topics] ([Id], [CreatedAt], [UpdatedAt], [Deleted], [TopicDescription], [TopicText], [PmbokVersionId]) VALUES (N'3b01de768cf947b79251a971aad68bbb', N'10/2/2018 7:01:22 PM +00:00', N'10/2/2018 7:01:22 PM +00:00', 0, N'A product or service that may better the societal needs of a customer.', N'Social Need', N'edd7dca4d2a94c7a8d6f55fbef403f8c')
GO
INSERT INTO [dbo].[Topics] ([Id], [CreatedAt], [UpdatedAt], [Deleted], [TopicDescription], [TopicText], [PmbokVersionId]) VALUES (N'a22d17a322d34457880056a107de41f7', N'10/2/2018 7:01:22 PM +00:00', N'10/2/2018 7:01:22 PM +00:00', 0, N'Standards that are developed and defined by government or industry factions.', N'Government or Industry Standards', N'edd7dca4d2a94c7a8d6f55fbef403f8c')
GO
INSERT INTO [dbo].[Topics] ([Id], [CreatedAt], [UpdatedAt], [Deleted], [TopicDescription], [TopicText], [PmbokVersionId]) VALUES (N'1e6082de020f449bba9e8cad90bb62b1', N'10/2/2018 7:01:23 PM +00:00', N'10/2/2018 7:01:23 PM +00:00', 0, N'', N'Organization Infrastructure', N'edd7dca4d2a94c7a8d6f55fbef403f8c')
GO
INSERT INTO [dbo].[Topics] ([Id], [CreatedAt], [UpdatedAt], [Deleted], [TopicDescription], [TopicText], [PmbokVersionId]) VALUES (N'bedb5510ce17456a8277d5e4466c1de5', N'10/2/2018 7:01:23 PM +00:00', N'10/2/2018 7:01:23 PM +00:00', 0, N'', N'Marketplace Conditions', N'edd7dca4d2a94c7a8d6f55fbef403f8c')
GO
INSERT INTO [dbo].[Topics] ([Id], [CreatedAt], [UpdatedAt], [Deleted], [TopicDescription], [TopicText], [PmbokVersionId]) VALUES (N'c18650880f6e42c5b81bcb8e60c5b691', N'10/2/2018 7:01:24 PM +00:00', N'10/2/2018 7:01:24 PM +00:00', 0, N'Processes, policies and standardized process definitions for use in the organization.', N'Organizations Standards', N'edd7dca4d2a94c7a8d6f55fbef403f8c')
GO
INSERT INTO [dbo].[Topics] ([Id], [CreatedAt], [UpdatedAt], [Deleted], [TopicDescription], [TopicText], [PmbokVersionId]) VALUES (N'898872d5cfb64dec9aade5eec25d260c', N'10/2/2018 7:01:24 PM +00:00', N'10/2/2018 7:01:24 PM +00:00', 0, N'Standard organization templates such as; Project Charter Template.', N'Templates', N'edd7dca4d2a94c7a8d6f55fbef403f8c')
GO
INSERT INTO [dbo].[Topics] ([Id], [CreatedAt], [UpdatedAt], [Deleted], [TopicDescription], [TopicText], [PmbokVersionId]) VALUES (N'62914803cd8b43d38ff9228806f59d82', N'10/2/2018 7:01:25 PM +00:00', N'10/2/2018 7:01:25 PM +00:00', 0, N'Knowledge base for historical information and lessons learned for previous projects and programs.', N'Historic Information Lessons Learned', N'edd7dca4d2a94c7a8d6f55fbef403f8c')
GO
INSERT INTO [dbo].[Topics] ([Id], [CreatedAt], [UpdatedAt], [Deleted], [TopicDescription], [TopicText], [PmbokVersionId]) VALUES (N'cb1ad17788924021903a96a8e25bb878', N'10/3/2018 3:42:21 PM +00:00', N'10/3/2018 3:42:21 PM +00:00', 0, NULL, N'Other Units Within the Organization', N'edd7dca4d2a94c7a8d6f55fbef403f8c')
GO
INSERT INTO [dbo].[Topics] ([Id], [CreatedAt], [UpdatedAt], [Deleted], [TopicDescription], [TopicText], [PmbokVersionId]) VALUES (N'3e8fa03d5c4b4e9cbe8182dcda90f8e6', N'10/3/2018 3:42:22 PM +00:00', N'10/3/2018 3:42:22 PM +00:00', 0, N'', N'Consultants', N'edd7dca4d2a94c7a8d6f55fbef403f8c')
GO
INSERT INTO [dbo].[Topics] ([Id], [CreatedAt], [UpdatedAt], [Deleted], [TopicDescription], [TopicText], [PmbokVersionId]) VALUES (N'94d18fb826ab4d798f357279991233eb', N'10/3/2018 3:42:22 PM +00:00', N'10/3/2018 3:42:22 PM +00:00', 0, N'Including customers and/or sponsors.', N'Stakeholders', N'edd7dca4d2a94c7a8d6f55fbef403f8c')
GO
INSERT INTO [dbo].[Topics] ([Id], [CreatedAt], [UpdatedAt], [Deleted], [TopicDescription], [TopicText], [PmbokVersionId]) VALUES (N'6376ca56d7bc4f6abd59ffbd1cbc084a', N'10/3/2018 3:42:22 PM +00:00', N'10/3/2018 3:42:22 PM +00:00', 0, N'', N'Industry Groups', N'edd7dca4d2a94c7a8d6f55fbef403f8c')
GO
INSERT INTO [dbo].[Topics] ([Id], [CreatedAt], [UpdatedAt], [Deleted], [TopicDescription], [TopicText], [PmbokVersionId]) VALUES (N'c0f3c3fabe064904b2fb0022f3ce61bf', N'10/3/2018 3:42:23 PM +00:00', N'10/3/2018 3:42:23 PM +00:00', 0, N'', N'Subject Matter Experts', N'edd7dca4d2a94c7a8d6f55fbef403f8c')
GO
INSERT INTO [dbo].[Topics] ([Id], [CreatedAt], [UpdatedAt], [Deleted], [TopicDescription], [TopicText], [PmbokVersionId]) VALUES (N'cabd6d4da00b4cd5b7c48f27226bff8a', N'10/3/2018 3:42:23 PM +00:00', N'10/3/2018 3:42:23 PM +00:00', 0, N'', N'Project Management Office (PMO)', N'edd7dca4d2a94c7a8d6f55fbef403f8c')
GO
INSERT INTO [dbo].[Topics] ([Id], [CreatedAt], [UpdatedAt], [Deleted], [TopicDescription], [TopicText], [PmbokVersionId]) VALUES (N'b2200054c0244bd2a5cb8dd550501d7d', N'10/3/2018 3:55:34 PM +00:00', N'10/3/2018 3:55:34 PM +00:00', 0, NULL, N'Professional and Technical Associations', N'edd7dca4d2a94c7a8d6f55fbef403f8c')
GO
INSERT INTO [dbo].[Topics] ([Id], [CreatedAt], [UpdatedAt], [Deleted], [TopicDescription], [TopicText], [PmbokVersionId]) VALUES (N'0af13acda1154e4099654f06127c11be', N'10/3/2018 4:34:31 PM +00:00', N'10/3/2018 4:34:31 PM +00:00', 0, NULL, N'Project Purpose or Justification', N'edd7dca4d2a94c7a8d6f55fbef403f8c')
GO
INSERT INTO [dbo].[Topics] ([Id], [CreatedAt], [UpdatedAt], [Deleted], [TopicDescription], [TopicText], [PmbokVersionId]) VALUES (N'7957c9e82b9c4c36b180ded7b9184b72', N'10/3/2018 4:34:31 PM +00:00', N'10/3/2018 4:34:31 PM +00:00', 0, N'And other related success criteria.', N'Measurable Project Objectives', N'edd7dca4d2a94c7a8d6f55fbef403f8c')
GO
INSERT INTO [dbo].[Topics] ([Id], [CreatedAt], [UpdatedAt], [Deleted], [TopicDescription], [TopicText], [PmbokVersionId]) VALUES (N'63696b7375d4446d85e41a94166f75e3', N'10/3/2018 4:34:32 PM +00:00', N'10/3/2018 4:34:32 PM +00:00', 0, N'', N'High Level Requirements', N'edd7dca4d2a94c7a8d6f55fbef403f8c')
GO
INSERT INTO [dbo].[Topics] ([Id], [CreatedAt], [UpdatedAt], [Deleted], [TopicDescription], [TopicText], [PmbokVersionId]) VALUES (N'5eb08d417d304745814db115ab4f2639', N'10/3/2018 8:39:47 PM +00:00', N'10/3/2018 8:39:47 PM +00:00', 0, NULL, N'High Level Project Description', N'edd7dca4d2a94c7a8d6f55fbef403f8c')
GO
INSERT INTO [dbo].[Topics] ([Id], [CreatedAt], [UpdatedAt], [Deleted], [TopicDescription], [TopicText], [PmbokVersionId]) VALUES (N'838a3f5575134d14b537fe02f22828a5', N'10/3/2018 8:39:47 PM +00:00', N'10/3/2018 8:39:47 PM +00:00', 0, N'', N'High Level Risks', N'edd7dca4d2a94c7a8d6f55fbef403f8c')
GO
INSERT INTO [dbo].[Topics] ([Id], [CreatedAt], [UpdatedAt], [Deleted], [TopicDescription], [TopicText], [PmbokVersionId]) VALUES (N'a1dc9dcb99084936838b54c091b5ea13', N'10/3/2018 8:39:48 PM +00:00', N'10/3/2018 8:39:48 PM +00:00', 0, N'', N'Summary Milestone Schedule', N'edd7dca4d2a94c7a8d6f55fbef403f8c')
GO
INSERT INTO [dbo].[Topics] ([Id], [CreatedAt], [UpdatedAt], [Deleted], [TopicDescription], [TopicText], [PmbokVersionId]) VALUES (N'e019291e06a64abf99063e82ece75389', N'10/3/2018 8:39:48 PM +00:00', N'10/3/2018 8:39:48 PM +00:00', 0, N'', N'Summary Budget', N'edd7dca4d2a94c7a8d6f55fbef403f8c')
GO
INSERT INTO [dbo].[Topics] ([Id], [CreatedAt], [UpdatedAt], [Deleted], [TopicDescription], [TopicText], [PmbokVersionId]) VALUES (N'969f1777055f46afa7c368061e5aedfc', N'10/3/2018 8:39:48 PM +00:00', N'10/3/2018 8:39:48 PM +00:00', 0, N'', N'Project Approval Requirements', N'edd7dca4d2a94c7a8d6f55fbef403f8c')
GO
INSERT INTO [dbo].[Topics] ([Id], [CreatedAt], [UpdatedAt], [Deleted], [TopicDescription], [TopicText], [PmbokVersionId]) VALUES (N'b4997882d6bd45f8a41f7234ac138c95', N'10/3/2018 8:39:49 PM +00:00', N'10/3/2018 8:39:49 PM +00:00', 0, N'', N'Assigned Project Manager', N'edd7dca4d2a94c7a8d6f55fbef403f8c')
GO
INSERT INTO [dbo].[Topics] ([Id], [CreatedAt], [UpdatedAt], [Deleted], [TopicDescription], [TopicText], [PmbokVersionId]) VALUES (N'0c34a51de8b54ffe9738da4e7643b790', N'10/3/2018 8:39:49 PM +00:00', N'10/3/2018 8:39:49 PM +00:00', 0, N'Or other person(s) authorizing the Project Charter.', N'Name and Authority of Sponsor', N'edd7dca4d2a94c7a8d6f55fbef403f8c')
GO
INSERT INTO [dbo].[Topics] ([Id], [CreatedAt], [UpdatedAt], [Deleted], [TopicDescription], [TopicText], [PmbokVersionId]) VALUES (N'4505121ac84449db9551bc4d81f22cc8', N'10/3/2018 8:42:09 PM +00:00', N'10/3/2018 8:42:09 PM +00:00', 0, N'', N'Project Management Information System', N'edd7dca4d2a94c7a8d6f55fbef403f8c')
GO
INSERT INTO [dbo].[Topics] ([Id], [CreatedAt], [UpdatedAt], [Deleted], [TopicDescription], [TopicText], [PmbokVersionId]) VALUES (N'a4c525cc47e54279bc3877b4db433bf9', N'10/3/2018 8:42:09 PM +00:00', N'10/3/2018 8:42:09 PM +00:00', 0, N'Hiring and firing guidelines, employee performance reviews and training records.', N'Personnel Administration ', N'edd7dca4d2a94c7a8d6f55fbef403f8c')


INSERT INTO [dbo].[ProcessInputTopics] ([Id], [CreatedAt], [UpdatedAt], [Deleted], [PmbokVersionId], [ProcessInputId], [ProcessInputText], [TopicId], [TopicText]) VALUES (N'ba46d3cf8a1543c6bc0a3db53317f083', N'9/26/2018 4:15:02 PM +00:00', N'9/26/2018 4:15:02 PM +00:00', 0, N'edd7dca4d2a94c7a8d6f55fbef403f8c', N'2a9068a4fc5d4947864407889469c00e', N'Statement of Work', N'0ff49052ec8e428584a77a468bb55f96', N'Business Need')
GO
INSERT INTO [dbo].[ProcessInputTopics] ([Id], [CreatedAt], [UpdatedAt], [Deleted], [PmbokVersionId], [ProcessInputId], [ProcessInputText], [TopicId], [TopicText]) VALUES (N'36266d587d3842d99a1bd4e406fbcf76', N'9/26/2018 4:15:02 PM +00:00', N'9/26/2018 4:15:02 PM +00:00', 0, N'edd7dca4d2a94c7a8d6f55fbef403f8c', N'2a9068a4fc5d4947864407889469c00e', N'Statement of Work', N'3ab31c85a25540cd9a912041278a9808', N'Product Scope Description')
GO
INSERT INTO [dbo].[ProcessInputTopics] ([Id], [CreatedAt], [UpdatedAt], [Deleted], [PmbokVersionId], [ProcessInputId], [ProcessInputText], [TopicId], [TopicText]) VALUES (N'b74b64321e4e4bda96588be87c377fb0', N'9/26/2018 4:15:03 PM +00:00', N'9/26/2018 4:15:03 PM +00:00', 0, N'edd7dca4d2a94c7a8d6f55fbef403f8c', N'2a9068a4fc5d4947864407889469c00e', N'Statement of Work', N'd70dfb41d48c485eb7d0d10cde631ba3', N'Strategic Plan')
GO
INSERT INTO [dbo].[ProcessInputTopics] ([Id], [CreatedAt], [UpdatedAt], [Deleted], [PmbokVersionId], [ProcessInputId], [ProcessInputText], [TopicId], [TopicText]) VALUES (N'525e280e489742338d9ed630a4f18d48', N'10/2/2018 8:59:06 PM +00:00', N'10/2/2018 8:59:06 PM +00:00', 0, N'edd7dca4d2a94c7a8d6f55fbef403f8c', N'6545f469da9f4c4cb4118b0ebb11a87a', N'Business Case', N'c66ca768e24d4e84ba6ed1182754cd11', N'Market Demand')
GO
INSERT INTO [dbo].[ProcessInputTopics] ([Id], [CreatedAt], [UpdatedAt], [Deleted], [PmbokVersionId], [ProcessInputId], [ProcessInputText], [TopicId], [TopicText]) VALUES (N'1c3699a072b2420a9002d749b06a8803', N'10/2/2018 8:59:06 PM +00:00', N'10/2/2018 8:59:06 PM +00:00', 0, N'edd7dca4d2a94c7a8d6f55fbef403f8c', N'6545f469da9f4c4cb4118b0ebb11a87a', N'Business Case', N'ef731b6100a04e4fb51c20f823b06487', N'Organizational Need')
GO
INSERT INTO [dbo].[ProcessInputTopics] ([Id], [CreatedAt], [UpdatedAt], [Deleted], [PmbokVersionId], [ProcessInputId], [ProcessInputText], [TopicId], [TopicText]) VALUES (N'b55c3471f42f469aabc63bafb0c6817f', N'10/2/2018 9:00:31 PM +00:00', N'10/2/2018 9:00:31 PM +00:00', 0, N'edd7dca4d2a94c7a8d6f55fbef403f8c', N'6545f469da9f4c4cb4118b0ebb11a87a', N'Business Case', N'07c36ec085e4456892bc5175c3392c10', N'Customer Request')
GO
INSERT INTO [dbo].[ProcessInputTopics] ([Id], [CreatedAt], [UpdatedAt], [Deleted], [PmbokVersionId], [ProcessInputId], [ProcessInputText], [TopicId], [TopicText]) VALUES (N'e6c3b0c757284eef98015ea557d81ca3', N'10/2/2018 9:00:32 PM +00:00', N'10/2/2018 9:00:32 PM +00:00', 0, N'edd7dca4d2a94c7a8d6f55fbef403f8c', N'6545f469da9f4c4cb4118b0ebb11a87a', N'Business Case', N'df5b89610e3c4b4eb80e2df33d65587f', N'Technological Advance')
GO
INSERT INTO [dbo].[ProcessInputTopics] ([Id], [CreatedAt], [UpdatedAt], [Deleted], [PmbokVersionId], [ProcessInputId], [ProcessInputText], [TopicId], [TopicText]) VALUES (N'a8409eaf0c384bebb906bbbcee6155fa', N'10/2/2018 9:00:32 PM +00:00', N'10/2/2018 9:00:32 PM +00:00', 0, N'edd7dca4d2a94c7a8d6f55fbef403f8c', N'6545f469da9f4c4cb4118b0ebb11a87a', N'Business Case', N'9771be14474840ab805720935abc401e', N'Legal Requirement')
GO
INSERT INTO [dbo].[ProcessInputTopics] ([Id], [CreatedAt], [UpdatedAt], [Deleted], [PmbokVersionId], [ProcessInputId], [ProcessInputText], [TopicId], [TopicText]) VALUES (N'17d2a54aac98419c819950ce9e824c56', N'10/2/2018 9:00:33 PM +00:00', N'10/2/2018 9:00:33 PM +00:00', 0, N'edd7dca4d2a94c7a8d6f55fbef403f8c', N'6545f469da9f4c4cb4118b0ebb11a87a', N'Business Case', N'6db98159062b435892c440072db00794', N'Ecological Impacts')
GO
INSERT INTO [dbo].[ProcessInputTopics] ([Id], [CreatedAt], [UpdatedAt], [Deleted], [PmbokVersionId], [ProcessInputId], [ProcessInputText], [TopicId], [TopicText]) VALUES (N'251a30f5175f48c192c150e0e4a22dd5', N'10/2/2018 9:00:33 PM +00:00', N'10/2/2018 9:00:33 PM +00:00', 0, N'edd7dca4d2a94c7a8d6f55fbef403f8c', N'6545f469da9f4c4cb4118b0ebb11a87a', N'Business Case', N'3b01de768cf947b79251a971aad68bbb', N'Social Need')
GO
INSERT INTO [dbo].[ProcessInputTopics] ([Id], [CreatedAt], [UpdatedAt], [Deleted], [PmbokVersionId], [ProcessInputId], [ProcessInputText], [TopicId], [TopicText]) VALUES (N'da19caeedd3944e0a7a258d07e54c2d6', N'10/2/2018 9:02:19 PM +00:00', N'10/2/2018 9:02:19 PM +00:00', 0, N'edd7dca4d2a94c7a8d6f55fbef403f8c', N'e67f4213c319475287cf8daa098512fb', N'Enterprise Environmental Factors', N'a22d17a322d34457880056a107de41f7', N'Government or Industry Standards')
GO
INSERT INTO [dbo].[ProcessInputTopics] ([Id], [CreatedAt], [UpdatedAt], [Deleted], [PmbokVersionId], [ProcessInputId], [ProcessInputText], [TopicId], [TopicText]) VALUES (N'e7f81ee645c64618a2d448afdb046dc8', N'10/2/2018 9:02:20 PM +00:00', N'10/2/2018 9:02:20 PM +00:00', 0, N'edd7dca4d2a94c7a8d6f55fbef403f8c', N'e67f4213c319475287cf8daa098512fb', N'Enterprise Environmental Factors', N'1e6082de020f449bba9e8cad90bb62b1', N'Organization Infrastructure')
GO
INSERT INTO [dbo].[ProcessInputTopics] ([Id], [CreatedAt], [UpdatedAt], [Deleted], [PmbokVersionId], [ProcessInputId], [ProcessInputText], [TopicId], [TopicText]) VALUES (N'355805f7358c44b68efb3835911f6c85', N'10/2/2018 9:02:20 PM +00:00', N'10/2/2018 9:02:20 PM +00:00', 0, N'edd7dca4d2a94c7a8d6f55fbef403f8c', N'e67f4213c319475287cf8daa098512fb', N'Enterprise Environmental Factors', N'bedb5510ce17456a8277d5e4466c1de5', N'Marketplace Conditions')
GO
INSERT INTO [dbo].[ProcessInputTopics] ([Id], [CreatedAt], [UpdatedAt], [Deleted], [PmbokVersionId], [ProcessInputId], [ProcessInputText], [TopicId], [TopicText]) VALUES (N'71abd1f178ba4380abd507c1b2a5816a', N'10/2/2018 9:20:36 PM +00:00', N'10/2/2018 9:20:36 PM +00:00', 0, N'edd7dca4d2a94c7a8d6f55fbef403f8c', N'ea1fd1fb87474d7b8110ad63887a31bd', N'Organizational Process Assets', N'c18650880f6e42c5b81bcb8e60c5b691', N'Organizations Standards')
GO
INSERT INTO [dbo].[ProcessInputTopics] ([Id], [CreatedAt], [UpdatedAt], [Deleted], [PmbokVersionId], [ProcessInputId], [ProcessInputText], [TopicId], [TopicText]) VALUES (N'e8ffa863d32d48269a21543862931193', N'10/2/2018 9:20:37 PM +00:00', N'10/2/2018 9:20:37 PM +00:00', 0, N'edd7dca4d2a94c7a8d6f55fbef403f8c', N'ea1fd1fb87474d7b8110ad63887a31bd', N'Organizational Process Assets', N'898872d5cfb64dec9aade5eec25d260c', N'Templates')
GO
INSERT INTO [dbo].[ProcessInputTopics] ([Id], [CreatedAt], [UpdatedAt], [Deleted], [PmbokVersionId], [ProcessInputId], [ProcessInputText], [TopicId], [TopicText]) VALUES (N'4561986adda14f8f9338411fb4f7baac', N'10/2/2018 9:20:37 PM +00:00', N'10/2/2018 9:20:37 PM +00:00', 0, N'edd7dca4d2a94c7a8d6f55fbef403f8c', N'ea1fd1fb87474d7b8110ad63887a31bd', N'Organizational Process Assets', N'62914803cd8b43d38ff9228806f59d82', N'Historic Information Lessons Learned')
GO
--INSERT INTO [dbo].[ProcessInputTopics] ([Id], [CreatedAt], [UpdatedAt], [Deleted], [PmbokVersionId], [ProcessInputId], [ProcessInputText], [TopicId], [TopicText]) VALUES (N'376e67d8ea8e47f9a99faa19f6b60f7c', N'10/3/2018 8:26:59 PM +00:00', N'10/3/2018 8:26:59 PM +00:00', 0, N'edd7dca4d2a94c7a8d6f55fbef403f8c', N'2a9068a4fc5d4947864407889469c00e', N'Project Statement of Work', N'', N'')
--GO
INSERT INTO [dbo].[ProcessInputTopics] ([Id], [CreatedAt], [UpdatedAt], [Deleted], [PmbokVersionId], [ProcessInputId], [ProcessInputText], [TopicId], [TopicText]) VALUES (N'08584188f44d4784ad60ae62ac5ba7e6', N'10/3/2018 8:46:43 PM +00:00', N'10/3/2018 8:46:43 PM +00:00', 0, N'edd7dca4d2a94c7a8d6f55fbef403f8c', N'783a8e6a42964a94b1c1e77b53c547ce', N'Enterprise Environmental Factors', N'a22d17a322d34457880056a107de41f7', N'Government or Industry Standards')
GO
INSERT INTO [dbo].[ProcessInputTopics] ([Id], [CreatedAt], [UpdatedAt], [Deleted], [PmbokVersionId], [ProcessInputId], [ProcessInputText], [TopicId], [TopicText]) VALUES (N'90fb427469c24f6aa105aed6ed326e7a', N'10/3/2018 8:46:43 PM +00:00', N'10/3/2018 8:46:43 PM +00:00', 0, N'edd7dca4d2a94c7a8d6f55fbef403f8c', N'783a8e6a42964a94b1c1e77b53c547ce', N'Enterprise Environmental Factors', N'4505121ac84449db9551bc4d81f22cc8', N'Project Management Information System')
GO


INSERT INTO [dbo].[ProcessToolTopics] ([Id], [CreatedAt], [UpdatedAt], [Deleted], [PmbokVersionId], [ProcessToolId], [ProcessToolText], [TopicId], [TopicText]) VALUES (N'ac371825898c4ab09ca96a1633e0d399', N'10/3/2018 3:43:20 PM +00:00', N'10/3/2018 3:43:20 PM +00:00', 0, N'edd7dca4d2a94c7a8d6f55fbef403f8c', N'284649be139849a6bf571b5dff4dce6a', N'Expert Judgement', N'cb1ad17788924021903a96a8e25bb878', N'Other Units Within the Organization')
GO
INSERT INTO [dbo].[ProcessToolTopics] ([Id], [CreatedAt], [UpdatedAt], [Deleted], [PmbokVersionId], [ProcessToolId], [ProcessToolText], [TopicId], [TopicText]) VALUES (N'67ec8650b8cc4c2e816d338b868a7b69', N'10/3/2018 3:54:59 PM +00:00', N'10/3/2018 3:54:59 PM +00:00', 0, N'edd7dca4d2a94c7a8d6f55fbef403f8c', N'284649be139849a6bf571b5dff4dce6a', N'Expert Judgement', N'3e8fa03d5c4b4e9cbe8182dcda90f8e6', N'Consultants')
GO
INSERT INTO [dbo].[ProcessToolTopics] ([Id], [CreatedAt], [UpdatedAt], [Deleted], [PmbokVersionId], [ProcessToolId], [ProcessToolText], [TopicId], [TopicText]) VALUES (N'336896730cd342f19dd5f8259d9c7168', N'10/3/2018 3:55:00 PM +00:00', N'10/3/2018 3:55:00 PM +00:00', 0, N'edd7dca4d2a94c7a8d6f55fbef403f8c', N'284649be139849a6bf571b5dff4dce6a', N'Expert Judgement', N'94d18fb826ab4d798f357279991233eb', N'Stakeholders')
GO
INSERT INTO [dbo].[ProcessToolTopics] ([Id], [CreatedAt], [UpdatedAt], [Deleted], [PmbokVersionId], [ProcessToolId], [ProcessToolText], [TopicId], [TopicText]) VALUES (N'33b9f21c0a574dbbaaf87a73013367ab', N'10/3/2018 3:55:00 PM +00:00', N'10/3/2018 3:55:00 PM +00:00', 0, N'edd7dca4d2a94c7a8d6f55fbef403f8c', N'284649be139849a6bf571b5dff4dce6a', N'Expert Judgement', N'6376ca56d7bc4f6abd59ffbd1cbc084a', N'Industry Groups')
GO
INSERT INTO [dbo].[ProcessToolTopics] ([Id], [CreatedAt], [UpdatedAt], [Deleted], [PmbokVersionId], [ProcessToolId], [ProcessToolText], [TopicId], [TopicText]) VALUES (N'62a93cce7b0b4cb9b7a17b053f106f60', N'10/3/2018 3:55:01 PM +00:00', N'10/3/2018 3:55:01 PM +00:00', 0, N'edd7dca4d2a94c7a8d6f55fbef403f8c', N'284649be139849a6bf571b5dff4dce6a', N'Expert Judgement', N'c0f3c3fabe064904b2fb0022f3ce61bf', N'Subject Matter Experts')
GO
INSERT INTO [dbo].[ProcessToolTopics] ([Id], [CreatedAt], [UpdatedAt], [Deleted], [PmbokVersionId], [ProcessToolId], [ProcessToolText], [TopicId], [TopicText]) VALUES (N'dd2910fa4ff642279470fbd60836c12a', N'10/3/2018 3:55:01 PM +00:00', N'10/3/2018 3:55:01 PM +00:00', 0, N'edd7dca4d2a94c7a8d6f55fbef403f8c', N'284649be139849a6bf571b5dff4dce6a', N'Expert Judgement', N'cabd6d4da00b4cd5b7c48f27226bff8a', N'Project Management Office (PMO)')
GO
INSERT INTO [dbo].[ProcessToolTopics] ([Id], [CreatedAt], [UpdatedAt], [Deleted], [PmbokVersionId], [ProcessToolId], [ProcessToolText], [TopicId], [TopicText]) VALUES (N'4d41be6b1e1441d9b53a3eb205e6fe6d', N'10/3/2018 3:56:38 PM +00:00', N'10/3/2018 3:56:38 PM +00:00', 0, N'edd7dca4d2a94c7a8d6f55fbef403f8c', N'284649be139849a6bf571b5dff4dce6a', N'Expert Judgement', N'b2200054c0244bd2a5cb8dd550501d7d', N'Professional and Technical Associations')
GO


INSERT INTO [dbo].[ProcessOutputTopics] ([Id], [CreatedAt], [UpdatedAt], [Deleted], [PmbokVersionId], [ProcessOutputId], [ProcessOutputText], [TopicId], [TopicText]) VALUES (N'7648ee81822b451ba0d2191a75e5b1b0', N'10/3/2018 4:42:18 PM +00:00', N'10/3/2018 4:42:18 PM +00:00', 0, N'edd7dca4d2a94c7a8d6f55fbef403f8c', NULL, NULL, N'0af13acda1154e4099654f06127c11be', N'Project Purpose or Justification')
GO
INSERT INTO [dbo].[ProcessOutputTopics] ([Id], [CreatedAt], [UpdatedAt], [Deleted], [PmbokVersionId], [ProcessOutputId], [ProcessOutputText], [TopicId], [TopicText]) VALUES (N'a003e165a6524284b20f05ed013b17b4', N'10/3/2018 4:51:28 PM +00:00', N'10/3/2018 4:51:28 PM +00:00', 0, N'edd7dca4d2a94c7a8d6f55fbef403f8c', N'8da4bfe12fd84063823cb184e1d574c7', N'Project Charter', N'0af13acda1154e4099654f06127c11be', N'Project Purpose or Justification')
GO
INSERT INTO [dbo].[ProcessOutputTopics] ([Id], [CreatedAt], [UpdatedAt], [Deleted], [PmbokVersionId], [ProcessOutputId], [ProcessOutputText], [TopicId], [TopicText]) VALUES (N'262c5b2701614305b96f89fd7260faaa', N'10/3/2018 4:52:23 PM +00:00', N'10/3/2018 4:52:23 PM +00:00', 0, N'edd7dca4d2a94c7a8d6f55fbef403f8c', N'8da4bfe12fd84063823cb184e1d574c7', N'Project Charter', N'7957c9e82b9c4c36b180ded7b9184b72', N'Measurable Project Objectives')
GO
INSERT INTO [dbo].[ProcessOutputTopics] ([Id], [CreatedAt], [UpdatedAt], [Deleted], [PmbokVersionId], [ProcessOutputId], [ProcessOutputText], [TopicId], [TopicText]) VALUES (N'505969d4d6e84516a332abfe313f0362', N'10/3/2018 8:44:50 PM +00:00', N'10/3/2018 8:44:50 PM +00:00', 0, N'edd7dca4d2a94c7a8d6f55fbef403f8c', N'8da4bfe12fd84063823cb184e1d574c7', N'Project Charter', N'5eb08d417d304745814db115ab4f2639', N'High Level Project Description')
GO
INSERT INTO [dbo].[ProcessOutputTopics] ([Id], [CreatedAt], [UpdatedAt], [Deleted], [PmbokVersionId], [ProcessOutputId], [ProcessOutputText], [TopicId], [TopicText]) VALUES (N'd54cd71016e04d56a1dce6a0631be44c', N'10/3/2018 8:44:50 PM +00:00', N'10/3/2018 8:44:50 PM +00:00', 0, N'edd7dca4d2a94c7a8d6f55fbef403f8c', N'8da4bfe12fd84063823cb184e1d574c7', N'Project Charter', N'838a3f5575134d14b537fe02f22828a5', N'High Level Risks')
GO
INSERT INTO [dbo].[ProcessOutputTopics] ([Id], [CreatedAt], [UpdatedAt], [Deleted], [PmbokVersionId], [ProcessOutputId], [ProcessOutputText], [TopicId], [TopicText]) VALUES (N'dce40136519f4336a63f7c46bc18ce38', N'10/3/2018 8:44:51 PM +00:00', N'10/3/2018 8:44:51 PM +00:00', 0, N'edd7dca4d2a94c7a8d6f55fbef403f8c', N'8da4bfe12fd84063823cb184e1d574c7', N'Project Charter', N'a1dc9dcb99084936838b54c091b5ea13', N'Summary Milestone Schedule')
GO
INSERT INTO [dbo].[ProcessOutputTopics] ([Id], [CreatedAt], [UpdatedAt], [Deleted], [PmbokVersionId], [ProcessOutputId], [ProcessOutputText], [TopicId], [TopicText]) VALUES (N'57caa2b36d86401eb408244273fdc197', N'10/3/2018 8:44:51 PM +00:00', N'10/3/2018 8:44:51 PM +00:00', 0, N'edd7dca4d2a94c7a8d6f55fbef403f8c', N'8da4bfe12fd84063823cb184e1d574c7', N'Project Charter', N'e019291e06a64abf99063e82ece75389', N'Summary Budget')
GO
INSERT INTO [dbo].[ProcessOutputTopics] ([Id], [CreatedAt], [UpdatedAt], [Deleted], [PmbokVersionId], [ProcessOutputId], [ProcessOutputText], [TopicId], [TopicText]) VALUES (N'4b344dd83090456f9fdbb5b9b00f8bec', N'10/3/2018 8:44:51 PM +00:00', N'10/3/2018 8:44:51 PM +00:00', 0, N'edd7dca4d2a94c7a8d6f55fbef403f8c', N'8da4bfe12fd84063823cb184e1d574c7', N'Project Charter', N'969f1777055f46afa7c368061e5aedfc', N'Project Approval Requirements')
GO
INSERT INTO [dbo].[ProcessOutputTopics] ([Id], [CreatedAt], [UpdatedAt], [Deleted], [PmbokVersionId], [ProcessOutputId], [ProcessOutputText], [TopicId], [TopicText]) VALUES (N'bc67e67d2c7e471e8cc1722820040cff', N'10/3/2018 8:44:52 PM +00:00', N'10/3/2018 8:44:52 PM +00:00', 0, N'edd7dca4d2a94c7a8d6f55fbef403f8c', N'8da4bfe12fd84063823cb184e1d574c7', N'Project Charter', N'b4997882d6bd45f8a41f7234ac138c95', N'Assigned Project Manager')
GO
INSERT INTO [dbo].[ProcessOutputTopics] ([Id], [CreatedAt], [UpdatedAt], [Deleted], [PmbokVersionId], [ProcessOutputId], [ProcessOutputText], [TopicId], [TopicText]) VALUES (N'232400de958d47cca731df88ab75ae16', N'10/3/2018 8:44:52 PM +00:00', N'10/3/2018 8:44:52 PM +00:00', 0, N'edd7dca4d2a94c7a8d6f55fbef403f8c', N'8da4bfe12fd84063823cb184e1d574c7', N'Project Charter', N'0c34a51de8b54ffe9738da4e7643b790', N'Name and Authority of Sponsor')
GO






